timestamp(America/Denver),score,temp,humid,co2,voc,pm25
2024-03-01 11:05:00,85.0,20.6,24.3,438.0,505.5,0.5
2024-03-01 11:10:00,84.0,21.2,23.6,458.3,418.9,0.4
2024-03-04 07:55:00,70.8,21.4,16.5,661.5,71.2,1.2
2024-03-04 08:00:00,72.8,21.5,16.0,517.0,54.5,1.2
2024-03-04 08:05:00,73.2,21.7,16.1,494.6,49.8,1.0
2024-03-04 08:10:00,73.4,21.7,16.2,487.8,49.4,1.2
2024-03-04 08:15:00,72.2,21.8,15.5,461.2,42.0,0.8
2024-03-04 08:20:00,74.6,21.9,16.8,442.4,49.4,1.0
2024-03-04 08:25:00,72.0,21.9,15.4,442.7,52.3,1.0
2024-03-04 08:30:00,72.8,21.9,15.8,455.6,47.8,1.2
2024-03-04 08:35:00,72.4,21.9,15.6,440.4,47.0,1.0
2024-03-04 08:40:00,74.8,21.9,17.0,464.0,53.2,1.0
2024-03-04 08:45:00,73.0,22.0,15.9,452.8,46.0,1.0
2024-03-04 08:50:00,73.2,21.9,16.0,439.6,40.0,1.2
2024-03-04 08:55:00,72.0,21.9,15.3,447.0,45.0,1.0
2024-03-06 08:00:00,63.7,21.9,14.0,661.3,426.7,1.0
2024-03-06 08:05:00,67.0,22.0,13.9,589.4,98.6,1.0
2024-03-06 08:10:00,67.8,22.0,13.5,543.2,47.8,1.2
2024-03-06 08:15:00,68.6,22.1,13.4,517.6,31.8,1.2
2024-03-06 08:20:00,68.2,22.1,13.5,527.2,29.6,1.4
2024-03-06 08:25:00,68.4,22.0,13.5,520.2,26.2,1.2
2024-03-06 08:30:00,69.0,22.1,13.3,488.8,21.2,1.0
2024-03-06 08:35:00,69.0,22.3,13.5,471.0,20.6,1.0
2024-03-06 08:40:00,69.0,22.4,13.2,478.0,20.0,1.0
2024-03-06 08:45:00,69.2,22.4,13.3,470.4,20.0,1.2
2024-03-08 08:20:00,62.8,22.3,13.5,672.0,508.8,2.0
2024-03-08 08:25:00,67.6,22.4,12.8,535.6,117.4,1.8
2024-03-08 08:30:00,68.0,22.4,12.9,535.2,72.5,1.8
2024-03-08 08:35:00,68.0,22.5,12.4,512.0,45.6,2.2
2024-03-08 08:40:00,69.3,22.4,13.7,484.7,31.0,2.3
2024-03-08 08:45:00,68.6,22.4,13.8,542.6,27.2,2.2
2024-03-08 08:50:00,69.2,22.4,14.0,521.0,21.8,2.0
2024-03-08 08:55:00,68.0,22.4,13.6,553.0,24.0,1.0
2024-03-11 12:35:00,89.8,21.0,26.5,454.4,87.8,1.0
2024-03-11 12:40:00,89.6,21.3,26.4,444.2,80.8,1.4
2024-03-11 12:45:00,84.0,22.9,24.7,662.3,97.7,0.3
2024-03-12 08:25:00,90.2,20.6,28.7,552.0,112.0,1.0
2024-03-12 08:30:00,91.4,20.6,29.1,528.2,102.2,1.2
2024-03-12 08:35:00,90.4,20.6,29.0,552.8,85.8,1.2
2024-03-12 08:40:00,91.0,20.8,28.5,523.3,75.0,1.0
2024-03-12 08:55:00,91.0,20.7,27.9,400.3,99.0,1.0
2024-03-12 09:00:00,91.0,20.8,27.8,400.6,93.2,1.0
2024-03-12 09:05:00,91.0,20.8,27.8,400.0,85.8,1.0
2024-03-12 09:10:00,91.0,20.8,27.8,400.0,81.0,1.0
2024-03-12 09:15:00,91.0,20.8,27.8,400.0,70.2,1.0
2024-03-12 09:20:00,91.0,20.9,28.1,400.0,74.0,1.0
2024-03-20 08:05:00,87.0,19.9,24.4,431.0,20.0,3.0
2024-03-20 08:10:00,86.0,19.6,24.6,421.7,20.0,3.2
2024-03-20 08:15:00,86.0,19.5,24.6,411.4,20.0,2.6
2024-03-20 08:20:00,86.0,19.6,24.6,405.0,20.0,2.6
2024-03-20 08:25:00,86.0,19.6,24.6,405.8,20.0,3.0
2024-03-20 08:30:00,86.0,19.6,24.5,401.6,20.0,2.4
2024-03-20 08:35:00,86.0,19.6,24.5,400.0,20.0,2.8
2024-03-20 08:40:00,86.0,19.6,24.5,400.0,20.0,2.8
2024-03-20 08:45:00,86.0,19.9,24.2,400.0,20.0,2.8
2024-03-20 08:50:00,86.0,20.2,23.7,400.0,20.0,2.6
2024-03-20 08:55:00,85.8,20.4,23.6,400.0,20.0,2.6
2024-03-20 09:00:00,85.0,20.5,23.5,400.2,20.0,2.4
2024-03-20 09:05:00,85.0,20.6,23.5,401.2,20.0,2.8
2024-03-20 09:10:00,85.0,20.6,23.4,401.6,20.0,2.8
2024-03-20 09:15:00,85.0,20.7,23.4,404.8,20.0,2.6
2024-03-20 09:20:00,85.0,20.8,23.4,408.2,20.0,2.6
2024-03-20 09:25:00,85.0,20.8,23.4,410.6,20.0,2.6
2024-03-20 09:30:00,85.0,20.8,23.4,411.4,20.0,2.6
2024-03-20 09:35:00,85.0,20.8,23.3,410.4,20.0,2.8
2024-03-20 09:40:00,85.0,20.9,23.3,409.8,20.0,2.6
2024-03-20 09:45:00,85.0,20.9,23.2,407.2,20.0,2.4
2024-03-20 09:50:00,84.8,21.1,23.1,405.2,20.0,2.4
2024-03-20 09:55:00,84.0,21.4,22.9,402.0,20.0,2.4
2024-03-20 10:00:00,84.0,21.6,22.7,400.6,20.0,2.2
2024-03-20 10:05:00,83.6,22.0,22.4,400.6,20.0,2.0
2024-03-20 10:10:00,83.2,22.3,22.2,402.0,20.0,3.0
2024-03-20 10:15:00,83.0,22.4,22.1,400.4,20.0,2.2
2024-03-20 10:20:00,83.0,22.5,22.0,400.0,20.0,2.0
2024-03-20 10:25:00,83.0,22.4,21.9,400.0,20.0,2.2
2024-03-20 10:30:00,83.0,22.4,21.9,400.0,20.0,2.2
2024-03-20 10:35:00,83.0,22.5,21.9,400.0,20.0,2.2
2024-03-20 10:40:00,83.0,22.4,21.8,400.0,20.0,2.0
2024-03-20 10:45:00,83.0,22.4,21.8,400.0,20.0,2.0
2024-03-20 10:50:00,83.0,22.4,21.9,400.0,20.0,2.0
2024-03-20 10:55:00,83.0,22.4,21.9,400.0,20.0,2.4
2024-03-20 11:00:00,83.0,22.5,21.9,400.0,21.0,2.2
2024-03-20 11:05:00,83.0,22.4,21.9,400.0,21.6,2.2
2024-03-20 11:10:00,83.0,22.5,21.9,400.0,22.6,2.0
2024-03-20 11:15:00,83.0,22.5,22.0,400.0,21.8,2.6
2024-03-20 11:20:00,83.0,22.5,22.1,400.0,22.6,2.6
2024-03-20 11:25:00,83.0,22.6,22.1,400.0,23.6,2.6
2024-03-20 11:30:00,83.0,22.7,22.0,400.0,25.4,2.8
2024-03-20 11:35:00,83.0,22.7,21.9,400.0,25.8,2.6
2024-03-20 11:40:00,83.0,22.8,21.8,400.0,24.8,2.6
2024-03-20 11:45:00,82.8,22.9,21.7,400.0,25.4,2.2
2024-03-20 11:50:00,82.0,23.0,21.6,400.0,25.2,2.6
2024-03-20 11:55:00,82.0,23.1,21.5,400.0,25.4,2.4
2024-03-20 12:00:00,82.0,23.1,21.4,400.0,24.0,2.2
2024-03-20 12:05:00,82.0,23.2,21.3,400.0,25.2,2.8
2024-03-20 12:10:00,82.0,23.3,21.2,400.0,26.0,2.4
2024-03-20 12:15:00,82.0,23.3,21.1,400.0,26.0,2.6
2024-03-20 12:20:00,81.8,23.3,21.0,400.0,25.2,2.8
2024-03-20 12:25:00,81.2,23.4,21.0,400.0,25.8,2.4
2024-03-20 12:30:00,81.0,23.4,20.9,400.0,25.0,2.2
2024-03-20 12:35:00,81.0,23.4,20.9,400.0,26.2,2.2
2024-03-20 12:40:00,81.0,23.4,20.8,400.0,26.2,2.8
2024-03-20 12:45:00,81.0,23.4,20.8,400.0,28.0,2.4
2024-03-20 12:50:00,81.0,23.4,20.8,400.0,28.2,3.0
2024-03-20 12:55:00,81.0,23.5,20.8,400.0,27.4,2.4
2024-03-20 13:00:00,81.0,23.5,20.9,400.0,28.0,2.8
2024-03-20 13:05:00,81.0,23.5,20.8,400.0,27.8,2.8
2024-03-20 13:10:00,81.0,23.5,20.9,400.0,30.2,2.6
2024-03-20 13:15:00,81.0,23.5,20.9,400.0,29.6,2.8
2024-03-20 13:20:00,81.0,23.5,20.9,400.0,29.8,2.6
2024-03-20 13:25:00,81.2,23.4,21.0,400.0,29.8,2.6
2024-03-20 13:30:00,81.4,23.4,21.0,400.0,30.0,2.4
2024-03-20 13:35:00,82.0,23.4,21.1,400.0,30.6,2.4
2024-03-20 13:40:00,82.0,23.4,21.1,400.0,32.2,2.4
2024-03-20 13:45:00,82.0,23.4,21.2,400.0,31.8,2.2
2024-03-20 13:50:00,82.0,23.3,21.2,400.0,32.8,2.8
2024-03-20 13:55:00,82.0,23.3,21.3,400.0,32.4,2.6
2024-03-20 14:00:00,82.0,23.3,21.2,400.0,34.4,2.2
2024-03-20 14:05:00,82.0,23.3,21.2,400.0,34.8,2.8
2024-03-20 14:10:00,82.0,23.3,21.3,400.0,34.8,2.4
2024-03-20 14:15:00,82.0,23.3,21.3,400.0,35.6,2.0
2024-03-20 14:20:00,82.0,23.3,21.3,400.0,35.8,2.2
2024-03-20 14:25:00,82.0,23.3,21.2,400.0,34.4,2.2
2024-03-20 14:30:00,81.8,23.3,21.1,400.0,34.0,2.0
2024-03-20 14:35:00,81.4,23.3,21.0,400.0,32.4,2.0
2024-03-20 14:40:00,81.0,23.3,20.9,400.0,32.4,1.8
2024-03-20 14:45:00,81.0,23.2,20.8,400.0,31.0,1.6
2024-03-20 14:50:00,81.0,23.3,20.7,400.0,31.6,2.0
2024-03-20 14:55:00,81.0,23.2,20.6,400.0,30.4,1.8
2024-03-20 15:00:00,81.0,23.2,20.5,400.0,30.6,1.6
2024-03-20 15:05:00,80.0,23.2,20.2,400.0,29.4,2.0
2024-03-20 15:10:00,80.0,23.2,20.0,400.0,27.8,1.2
2024-03-20 15:15:00,79.8,23.2,19.8,400.0,28.0,1.4
2024-03-20 15:20:00,79.0,23.1,19.5,400.0,24.8,1.6
2024-03-20 15:25:00,79.0,23.1,19.4,400.0,22.0,1.6
2024-03-20 15:30:00,78.6,23.2,19.1,400.0,22.4,1.6
2024-03-20 15:35:00,78.0,23.1,18.9,400.0,22.6,1.6
2024-03-20 15:40:00,78.0,23.2,18.7,400.0,22.0,1.4
2024-03-20 15:45:00,78.0,23.1,18.6,400.0,23.2,1.4
2024-03-20 15:50:00,77.8,23.1,18.6,400.0,22.2,1.2
2024-03-20 15:55:00,77.0,23.1,18.4,400.0,23.0,1.2
2024-03-20 16:00:00,77.0,23.1,18.1,400.0,21.6,1.8
2024-03-20 16:05:00,76.2,23.1,17.9,400.0,21.4,1.4
2024-03-20 16:10:00,76.0,23.1,17.8,400.0,22.0,1.4
2024-03-20 16:15:00,76.0,23.1,17.5,400.0,21.0,1.6
2024-03-20 16:20:00,75.0,23.1,17.1,400.0,21.0,1.4
2024-03-20 16:25:00,74.2,23.1,16.5,400.0,20.0,1.6
2024-03-20 16:30:00,73.6,23.1,16.1,400.0,20.0,1.2
2024-03-20 16:35:00,72.4,23.0,15.7,400.0,20.0,1.2
2024-03-20 16:40:00,72.0,23.0,15.4,400.0,20.0,1.4
2024-03-20 16:45:00,71.2,23.0,15.0,400.0,20.0,1.4
2024-03-20 16:50:00,71.0,23.0,14.8,400.0,20.0,1.0
2024-03-20 16:55:00,70.2,23.0,14.5,400.4,20.0,1.2
2024-03-20 17:00:00,69.8,23.0,14.2,400.2,20.0,1.2
2024-03-20 17:05:00,69.2,23.0,14.0,400.0,20.0,1.0
2024-03-20 17:10:00,69.0,23.1,13.8,400.0,20.0,1.0
2024-03-20 17:15:00,69.0,23.1,13.7,400.0,20.0,1.2
2024-03-20 17:20:00,69.0,23.1,13.7,400.0,20.0,1.2
2024-03-20 17:25:00,69.0,23.1,13.7,400.0,20.0,1.2
2024-03-20 17:30:00,69.0,23.1,13.7,400.0,20.0,1.2
2024-03-20 17:35:00,69.0,23.1,13.6,400.0,20.0,1.2
2024-03-20 17:40:00,69.0,23.1,13.5,400.0,20.0,1.0
2024-03-20 17:45:00,69.0,23.0,13.4,400.0,20.0,1.0
2024-03-20 17:50:00,69.0,23.0,13.3,400.0,20.0,1.0
2024-03-20 17:55:00,69.0,23.0,13.2,400.0,20.0,1.2
2024-03-20 18:00:00,69.0,23.0,12.9,400.0,20.0,1.0
2024-03-20 18:05:00,69.0,23.1,12.9,400.0,20.0,1.0
2024-03-20 18:10:00,68.5,23.0,12.6,400.0,20.0,1.0
2024-03-20 18:15:00,68.2,23.0,12.4,400.0,20.0,1.0
2024-03-20 18:20:00,68.0,22.9,12.0,400.0,20.0,1.0
2024-03-20 18:25:00,68.0,22.9,11.4,400.0,20.0,1.4
2024-03-20 18:30:00,67.8,22.8,11.2,400.0,20.0,1.0
2024-03-20 18:35:00,68.0,22.8,11.1,400.0,20.0,1.0
2024-03-20 18:40:00,67.6,22.8,11.1,400.0,20.0,1.0
2024-03-20 18:45:00,68.0,22.8,11.1,400.0,20.0,1.0
2024-03-20 18:50:00,67.0,22.7,10.9,400.0,20.0,1.0
2024-03-20 18:55:00,67.0,22.7,10.9,400.0,20.0,1.2
2024-03-20 19:00:00,67.2,22.6,11.0,400.0,20.0,1.0
2024-03-20 19:05:00,67.0,22.5,10.9,400.0,20.0,1.0
2024-03-20 19:10:00,67.4,22.5,11.0,400.0,20.0,1.0
2024-03-20 19:15:00,68.0,22.5,11.1,400.0,20.0,1.0
2024-03-20 19:20:00,68.0,22.4,11.3,400.0,20.0,1.0
2024-03-20 19:25:00,68.0,22.3,11.4,400.0,20.0,1.2
2024-03-20 19:30:00,68.0,22.2,11.5,400.0,20.0,1.4
2024-03-20 19:35:00,68.0,22.2,11.8,400.0,20.0,1.0
2024-03-20 19:40:00,68.0,22.2,12.0,400.0,20.0,1.0
2024-03-20 19:45:00,68.0,22.1,12.1,400.0,20.6,1.2
2024-03-20 19:50:00,68.0,22.1,12.1,400.0,20.6,1.0
2024-03-20 19:55:00,68.0,22.0,12.2,400.0,21.6,1.2
2024-03-20 20:00:00,68.0,22.0,12.3,400.0,21.0,1.0
2024-03-20 20:05:00,68.2,22.0,12.5,400.0,20.8,1.0
2024-03-20 20:10:00,68.8,21.9,12.7,400.0,20.6,1.2
2024-03-20 20:15:00,69.0,21.9,13.0,400.0,21.8,1.8
2024-03-20 20:20:00,69.0,21.8,13.0,400.0,22.2,1.2
2024-03-20 20:25:00,69.0,21.8,13.2,400.0,23.6,1.4
2024-03-20 20:30:00,69.0,21.7,13.2,400.0,23.4,1.4
2024-03-20 20:35:00,69.0,21.7,13.5,400.0,22.8,1.4
2024-03-20 20:40:00,69.0,21.7,13.5,400.0,24.8,1.2
2024-03-20 20:45:00,69.0,21.7,13.7,400.0,23.4,1.2
2024-03-20 20:50:00,69.2,21.7,13.9,400.0,23.6,1.2
2024-03-20 20:55:00,69.8,21.6,14.2,400.0,27.2,1.2
2024-03-20 21:00:00,70.0,21.6,14.2,400.0,32.2,1.8
2024-03-20 21:05:00,70.0,21.6,14.4,400.0,33.6,2.0
2024-03-20 21:10:00,70.8,21.6,14.6,400.0,37.6,1.8
2024-03-20 21:15:00,71.0,21.5,14.9,400.0,39.8,1.6
2024-03-20 21:20:00,71.6,21.5,15.0,401.6,41.8,1.6
2024-03-20 21:25:00,72.0,21.5,15.4,404.8,42.6,2.2
2024-03-20 21:30:00,72.2,21.5,15.5,401.6,43.4,2.0
2024-03-20 21:35:00,72.0,21.5,15.4,403.6,44.0,2.2
2024-03-20 21:40:00,72.8,21.4,15.8,405.0,42.8,2.4
2024-03-20 21:45:00,72.8,21.4,15.9,405.4,40.8,2.0
2024-03-20 21:50:00,73.0,21.5,15.8,407.0,42.0,2.2
2024-03-20 21:55:00,73.2,21.4,16.1,405.2,40.8,2.0
2024-03-20 22:00:00,73.8,21.3,16.2,404.2,41.2,1.4
2024-03-20 22:05:00,74.0,21.2,16.3,400.4,38.6,1.2
2024-03-20 22:10:00,74.0,21.2,16.3,400.0,39.6,1.8
2024-03-20 22:15:00,74.0,21.2,16.4,400.0,38.4,1.6
2024-03-20 22:20:00,74.2,21.1,16.7,400.0,38.0,1.6
2024-03-20 22:25:00,74.4,21.1,16.7,400.0,37.6,1.6
2024-03-20 22:30:00,74.2,21.2,16.7,400.2,40.2,1.8
2024-03-20 22:35:00,74.2,21.2,16.7,400.0,39.2,2.0
2024-03-20 22:40:00,75.0,21.1,16.9,400.8,40.0,1.6
2024-03-20 22:45:00,75.0,21.1,17.0,400.4,41.0,1.8
2024-03-20 22:50:00,75.0,21.1,17.1,402.2,37.6,1.4
2024-03-20 22:55:00,75.0,21.0,17.2,402.6,36.4,1.4
2024-03-20 23:00:00,75.0,21.0,17.2,404.6,36.6,1.2
2024-03-20 23:05:00,75.0,21.0,17.2,404.4,36.6,1.2
2024-03-20 23:10:00,75.5,21.0,17.3,403.5,33.2,1.2
2024-03-20 23:15:00,76.0,21.0,17.5,403.2,35.8,1.2
2024-03-20 23:20:00,76.0,20.9,17.6,405.6,35.0,1.4
2024-03-20 23:25:00,76.0,20.9,17.6,407.0,36.8,1.0
2024-03-20 23:30:00,76.0,20.9,17.6,405.6,37.8,1.6
2024-03-20 23:35:00,76.0,20.9,17.6,407.4,39.4,1.4
2024-03-20 23:40:00,76.0,20.9,17.8,406.6,35.6,1.8
2024-03-20 23:45:00,76.0,20.8,17.8,408.8,37.6,1.8
2024-03-20 23:50:00,76.6,20.8,18.0,408.4,36.4,1.8
2024-03-20 23:55:00,77.0,20.8,18.1,412.2,37.4,1.6
2024-03-21 00:00:00,77.0,20.8,18.1,412.2,36.8,1.4
2024-03-21 00:05:00,77.0,20.8,18.1,411.4,36.2,2.0
2024-03-21 00:10:00,77.0,20.8,18.1,410.4,36.4,1.8
2024-03-21 00:15:00,77.0,20.8,18.1,409.2,35.6,1.8
2024-03-21 00:20:00,77.0,20.7,18.3,412.0,34.2,2.0
2024-03-21 00:25:00,77.0,20.7,18.4,412.6,35.0,2.0
2024-03-21 00:30:00,77.0,20.7,18.4,413.0,33.4,1.8
2024-03-21 00:35:00,77.0,20.7,18.4,411.8,34.0,2.0
2024-03-21 00:40:00,77.0,20.6,18.3,408.8,30.0,2.0
2024-03-21 00:45:00,77.0,20.6,18.3,406.2,30.4,2.0
2024-03-21 00:50:00,77.0,20.7,18.3,405.2,33.4,1.8
2024-03-21 00:55:00,77.0,20.6,18.4,405.2,30.6,1.8
2024-03-21 01:00:00,78.0,20.6,18.6,405.2,32.2,2.0
2024-03-21 01:05:00,78.0,20.6,18.7,405.4,31.6,2.0
2024-03-21 01:10:00,78.0,20.6,18.8,407.2,32.2,2.0
2024-03-21 01:15:00,78.0,20.6,19.0,407.4,32.0,2.0
2024-03-21 01:20:00,78.8,20.6,19.1,407.6,32.2,2.0
2024-03-21 01:25:00,79.0,20.6,19.1,405.8,30.0,1.8
2024-03-21 01:30:00,79.0,20.6,19.3,408.8,31.4,1.8
2024-03-21 01:35:00,79.0,20.6,19.4,410.5,31.2,1.2
2024-03-21 01:40:00,79.0,20.6,19.5,411.0,32.8,2.0
2024-03-21 01:45:00,79.0,20.6,19.5,412.4,31.4,2.0
2024-03-21 01:50:00,79.0,20.6,19.5,410.2,31.8,1.8
2024-03-21 01:55:00,79.0,20.5,19.5,410.8,31.4,2.0
2024-03-21 02:00:00,79.0,20.5,19.6,410.4,33.2,1.8
2024-03-21 02:05:00,79.0,20.5,19.5,406.4,31.6,2.0
2024-03-21 02:10:00,79.2,20.5,19.7,403.6,31.2,2.0
2024-03-21 02:15:00,80.4,20.5,20.3,406.4,31.4,2.2
2024-03-21 02:20:00,81.6,20.6,21.0,406.0,40.6,2.0
2024-03-21 02:25:00,83.0,20.5,21.9,401.8,47.0,2.0
2024-03-21 02:30:00,84.0,20.5,22.7,402.0,53.2,1.6
2024-03-21 02:35:00,84.8,20.5,23.2,400.0,56.0,1.2
2024-03-21 02:40:00,86.0,20.5,23.9,400.0,61.6,1.6
2024-03-21 02:45:00,86.6,20.5,24.4,400.0,64.8,1.0
2024-03-21 02:50:00,87.0,20.5,24.6,400.0,67.2,1.0
2024-03-21 02:55:00,87.6,20.5,24.9,400.0,69.6,1.0
2024-03-21 03:00:00,88.0,20.5,25.2,400.8,71.6,1.0
2024-03-21 03:05:00,88.4,20.4,25.5,400.0,72.6,1.0
2024-03-21 03:10:00,89.0,20.4,25.8,400.0,73.4,1.0
2024-03-21 03:15:00,89.4,20.4,26.1,401.0,74.2,1.0
2024-03-21 03:20:00,89.6,20.4,26.2,400.0,75.8,1.2
2024-03-21 03:25:00,90.0,20.3,26.5,400.6,74.8,0.8
2024-03-21 03:30:00,90.0,20.3,26.6,401.2,74.2,0.6
2024-03-21 03:35:00,90.0,20.4,26.7,402.6,74.8,1.0
2024-03-21 03:40:00,90.0,20.4,26.9,400.8,76.2,0.8
2024-03-21 03:45:00,90.2,20.3,27.0,400.6,78.0,0.4
2024-03-21 03:50:00,91.0,20.3,27.4,401.4,76.8,0.8
2024-03-21 03:55:00,91.0,20.3,27.7,400.2,79.6,0.8
2024-03-21 04:00:00,91.0,20.3,27.9,402.2,79.8,1.0
2024-03-21 04:05:00,91.2,20.3,28.4,402.2,79.2,0.4
2024-03-21 04:10:00,91.5,20.3,28.6,402.2,82.8,0.8
2024-03-21 04:15:00,91.6,20.3,28.7,404.2,81.4,0.6
2024-03-21 04:20:00,92.0,20.3,28.9,402.4,83.2,0.2
2024-03-21 04:25:00,92.0,20.3,29.2,405.2,81.2,0.4
2024-03-21 04:30:00,92.0,20.4,29.3,405.8,83.8,0.4
2024-03-21 04:35:00,92.0,20.3,29.8,406.6,80.6,0.4
2024-03-21 04:40:00,92.4,20.3,30.0,407.0,85.2,0.0
2024-03-21 04:45:00,92.6,20.3,30.0,405.6,83.8,0.2
2024-03-21 04:50:00,93.0,20.3,30.1,405.2,83.4,0.2
2024-03-21 04:55:00,92.8,20.3,30.0,406.2,82.0,0.4
2024-03-21 05:00:00,92.6,20.3,30.0,408.6,82.8,0.2
2024-03-21 05:05:00,92.0,20.4,29.8,406.4,81.2,0.2
2024-03-21 05:10:00,92.0,20.3,29.8,407.2,82.6,0.2
2024-03-21 05:15:00,92.0,20.4,29.8,408.6,81.0,0.0
2024-03-21 05:20:00,92.0,20.4,29.9,411.2,82.2,0.0
2024-03-21 05:25:00,92.2,20.4,29.8,410.0,81.2,0.0
2024-03-21 05:30:00,92.8,20.4,30.0,411.0,80.4,0.2
2024-03-21 05:35:00,92.0,20.4,29.9,410.2,81.6,0.2
2024-03-21 05:40:00,92.6,20.4,30.0,409.6,80.8,0.4
2024-03-21 05:45:00,92.8,20.4,30.0,408.6,81.4,0.4
2024-03-21 05:50:00,93.0,20.4,30.1,409.8,81.4,0.4
2024-03-21 05:55:00,93.0,20.4,30.2,411.6,81.2,0.6
2024-03-21 06:00:00,93.0,20.4,30.3,411.4,82.0,0.2
2024-03-21 06:05:00,93.0,20.4,30.5,413.6,81.6,0.4
2024-03-21 06:10:00,93.0,20.4,30.5,409.6,82.0,0.8
2024-03-21 06:15:00,93.0,20.4,30.5,405.2,80.6,0.4
2024-03-21 06:20:00,93.0,20.4,30.5,409.2,82.0,0.2
2024-03-21 06:25:00,93.0,20.4,30.4,409.8,82.0,0.4
2024-03-21 06:30:00,93.0,20.4,30.5,411.2,81.0,0.0
2024-03-21 06:35:00,93.0,20.4,30.4,412.0,79.8,0.4
2024-03-21 06:40:00,93.0,20.4,30.3,413.2,80.6,0.6
2024-03-21 06:45:00,93.0,20.4,30.4,411.8,78.0,0.2
2024-03-21 06:50:00,93.0,20.4,30.4,413.4,79.8,0.4
2024-03-21 06:55:00,93.0,20.4,30.4,411.6,79.0,0.6
2024-03-21 07:00:00,93.0,20.4,30.4,412.0,78.0,0.8
2024-03-21 07:05:00,93.0,20.4,30.4,414.0,78.8,0.8
2024-03-21 07:10:00,93.0,20.4,30.4,414.4,78.2,0.8
2024-03-21 07:15:00,93.0,20.4,30.4,414.6,77.8,0.4
2024-03-21 07:20:00,93.0,20.4,30.4,412.6,79.0,0.6
2024-03-21 07:25:00,93.0,20.5,30.4,415.0,80.0,0.4
2024-03-21 07:30:00,93.0,20.4,30.4,415.2,77.2,0.8
2024-03-21 07:35:00,93.0,20.5,30.3,415.0,77.2,0.8
2024-03-21 07:40:00,93.0,20.4,30.3,415.0,79.0,0.6
2024-03-21 07:45:00,93.0,20.4,30.2,416.6,77.6,0.6
2024-03-21 07:50:00,93.0,20.3,30.1,412.6,79.4,0.8
2024-03-21 07:55:00,92.6,20.3,30.0,410.4,79.0,0.8
2024-03-21 08:00:00,92.0,20.3,29.8,410.2,78.6,1.0
2024-03-21 08:05:00,92.0,20.3,29.9,410.2,79.8,0.6
2024-03-21 08:10:00,92.6,20.3,30.0,407.0,79.0,0.4
2024-03-21 08:15:00,92.0,20.4,29.9,406.2,79.2,0.6
2024-03-21 08:20:00,92.0,20.4,29.8,409.0,79.4,0.4
2024-03-21 08:25:00,92.0,20.4,29.8,411.0,80.4,0.6
2024-03-21 08:30:00,92.0,20.4,29.8,409.2,80.2,0.4
2024-03-21 08:35:00,92.0,20.5,29.9,413.0,82.0,0.4
2024-03-21 08:40:00,92.4,20.5,29.9,416.0,82.8,1.0
2024-03-21 08:45:00,92.8,20.5,30.1,415.6,84.8,0.4
2024-03-21 08:50:00,93.0,20.5,30.1,418.0,84.8,0.6
2024-03-21 08:55:00,93.0,20.5,30.1,416.6,83.8,0.6
2024-03-21 09:00:00,93.0,20.6,30.1,416.8,86.8,0.6
2024-03-21 09:05:00,93.0,20.5,30.2,417.0,86.4,0.4
2024-03-21 09:10:00,93.0,20.6,30.3,418.6,88.0,0.8
2024-03-21 09:15:00,93.0,20.6,30.4,417.2,89.2,0.8
2024-03-21 09:20:00,93.0,20.6,30.5,416.8,90.0,0.8
2024-03-21 09:25:00,93.0,20.6,30.5,414.0,90.2,0.6
2024-03-21 09:30:00,93.0,20.6,30.5,417.2,90.6,0.4
2024-03-21 09:35:00,93.0,20.6,30.4,417.4,90.0,0.2
2024-03-21 09:40:00,92.8,20.6,30.0,417.2,90.6,0.4
2024-03-21 09:45:00,92.0,20.7,29.6,415.4,94.6,0.6
2024-03-21 09:50:00,92.0,20.6,29.4,413.6,90.4,0.0
2024-03-21 09:55:00,92.0,20.6,29.1,413.6,91.2,0.4
2024-03-21 10:00:00,92.0,20.6,29.1,410.8,89.6,0.2
2024-03-21 10:05:00,92.0,20.6,29.0,411.8,89.0,0.6
2024-03-21 10:10:00,92.0,20.6,28.9,413.8,91.6,0.2
2024-03-21 10:15:00,92.0,20.6,29.0,415.6,92.4,0.2
2024-03-21 10:20:00,92.0,20.7,29.1,412.2,94.8,0.6
2024-03-21 10:25:00,92.0,20.7,29.1,411.8,95.0,0.8
2024-03-21 10:30:00,92.0,20.8,29.1,410.8,91.4,0.0
2024-03-21 10:35:00,92.0,20.8,29.2,413.0,90.6,0.8
2024-03-21 10:40:00,92.0,20.9,29.1,412.4,91.6,0.6
2024-03-21 10:45:00,92.0,20.9,29.1,415.6,87.6,0.8
2024-03-21 10:50:00,92.0,20.9,29.0,414.2,88.4,0.6
2024-03-21 10:55:00,92.0,20.9,28.9,413.8,87.4,0.6
2024-03-21 11:00:00,92.0,20.9,28.7,411.8,84.6,0.6
2024-03-21 11:05:00,91.4,20.9,28.6,411.8,85.2,0.4
2024-03-21 11:10:00,91.0,20.9,28.3,410.2,83.8,0.6
2024-03-21 11:15:00,91.0,20.9,28.1,410.0,83.8,0.8
2024-03-21 11:20:00,91.0,20.9,27.9,411.8,84.8,0.8
2024-03-21 11:25:00,91.0,20.9,27.6,410.4,82.4,0.8
2024-03-21 11:30:00,91.0,21.0,27.4,409.8,84.4,0.8
2024-03-21 11:35:00,90.8,21.0,27.2,409.2,82.8,0.8
2024-03-21 11:40:00,90.0,21.0,27.1,408.2,83.6,0.4
2024-03-21 11:45:00,90.0,21.1,26.9,406.0,83.8,0.2
2024-03-21 11:50:00,90.0,21.3,26.7,408.6,83.8,0.6
2024-03-21 11:55:00,90.0,21.5,26.7,409.0,83.6,0.0
2024-03-21 12:00:00,90.0,21.7,26.5,408.6,87.6,0.6
2024-03-21 12:05:00,90.0,21.8,26.4,406.4,85.8,0.2
2024-03-21 12:10:00,90.0,21.8,26.3,407.2,85.8,0.2
2024-03-21 12:15:00,89.8,21.9,26.2,408.6,85.8,0.6
2024-03-21 12:20:00,89.0,21.9,26.1,407.2,87.0,0.6
2024-03-21 12:25:00,89.0,21.9,25.8,409.6,86.4,0.2
2024-03-21 12:30:00,89.0,22.0,25.6,409.0,86.8,0.8
2024-03-21 12:35:00,88.6,22.0,25.5,406.2,85.8,0.6
2024-03-21 12:40:00,88.6,21.9,25.7,411.0,87.0,0.2
2024-03-21 12:45:00,89.4,21.4,26.2,445.2,87.8,0.4
2024-03-21 12:50:00,89.8,21.3,26.2,447.6,81.4,0.2
2024-03-21 12:55:00,89.0,21.2,25.9,438.0,78.6,0.4
2024-03-21 13:00:00,89.0,21.2,25.8,426.8,74.6,0.6
2024-03-21 13:05:00,88.4,21.2,25.5,427.6,73.2,0.4
2024-03-21 13:10:00,87.2,21.2,24.9,431.0,71.8,0.4
2024-03-21 13:15:00,87.6,21.2,24.9,431.2,69.6,0.8
2024-03-21 13:20:00,88.0,21.1,25.4,428.2,72.0,0.4
2024-03-21 13:25:00,88.8,21.1,25.6,430.8,72.2,0.6
2024-03-21 13:30:00,88.6,21.1,25.4,431.0,73.2,0.4
2024-03-21 13:35:00,89.0,21.1,25.7,431.4,71.0,0.0
2024-03-21 13:40:00,89.0,21.1,25.9,431.2,72.6,0.2
2024-03-21 13:45:00,89.0,21.1,26.0,432.0,71.6,0.0
2024-03-21 13:50:00,89.0,21.1,25.7,432.0,70.0,0.0
2024-03-21 13:55:00,87.4,21.2,24.9,430.2,68.6,0.4
2024-03-21 14:00:00,87.0,21.1,24.7,433.8,65.0,0.2
2024-03-21 14:05:00,87.4,21.1,24.8,435.4,65.0,0.2
2024-03-21 14:10:00,87.4,21.1,24.9,437.2,64.8,0.0
2024-03-21 14:15:00,89.2,21.0,26.0,440.6,65.0,0.0
2024-03-21 14:20:00,89.4,21.1,26.1,440.6,68.2,0.2
2024-03-21 14:25:00,89.0,21.0,25.8,443.0,66.0,0.4
2024-03-21 14:30:00,89.2,21.0,26.1,443.6,64.4,0.2
2024-03-21 14:35:00,90.0,21.0,26.4,441.5,65.2,0.2
2024-03-21 14:40:00,90.0,21.0,26.9,442.4,68.0,0.2
2024-03-21 14:45:00,90.0,20.9,27.0,438.8,69.2,0.2
2024-03-21 14:50:00,90.0,21.0,26.7,439.4,69.8,0.0
2024-03-21 14:55:00,89.6,21.0,26.2,440.4,67.6,0.2
2024-03-21 15:00:00,89.8,21.0,26.2,441.0,64.2,0.4
2024-03-21 15:05:00,89.0,21.1,25.9,443.2,64.6,0.2
2024-03-21 15:10:00,88.4,21.1,25.4,440.2,64.0,0.2
2024-03-21 15:15:00,88.0,21.1,25.2,437.0,62.0,0.2
2024-03-21 15:20:00,87.4,21.1,24.9,444.4,63.4,0.0
2024-03-21 15:25:00,87.8,21.1,25.0,448.8,56.8,0.4
2024-03-21 15:30:00,88.0,21.1,25.4,447.6,61.6,0.8
2024-03-21 15:35:00,87.4,21.1,24.9,438.2,62.6,1.0
2024-03-21 15:40:00,86.6,21.1,24.3,430.4,62.6,1.2
2024-03-21 15:45:00,86.0,21.0,23.8,421.8,64.0,1.2
2024-03-21 15:50:00,86.0,21.0,23.7,412.6,68.6,1.4
2024-03-21 15:55:00,85.2,21.0,23.5,408.0,68.8,1.0
2024-03-21 16:00:00,85.0,20.9,23.2,406.0,66.8,1.0
2024-03-21 16:05:00,85.0,20.9,23.3,405.0,68.2,0.2
2024-03-21 16:10:00,85.3,20.9,23.6,402.7,63.7,0.0
2024-03-21 16:15:00,86.0,20.8,23.8,416.2,64.0,0.6
2024-03-21 16:20:00,86.0,20.8,23.9,418.2,67.8,0.8
2024-03-21 16:25:00,86.4,20.8,24.1,419.8,67.6,0.0
2024-03-21 16:30:00,87.0,20.7,24.4,420.8,70.4,0.4
2024-03-21 16:35:00,87.0,20.6,24.6,418.6,78.0,0.0
2024-03-21 16:40:00,87.0,20.6,24.5,416.8,75.8,0.4
2024-03-21 16:45:00,87.0,20.6,24.4,419.0,72.2,0.4
2024-03-21 16:50:00,86.0,20.6,24.1,418.2,70.4,0.0
2024-03-21 16:55:00,86.0,20.5,23.9,416.4,67.6,0.2
2024-03-21 17:00:00,86.2,20.5,24.1,415.4,67.4,0.2
2024-03-21 17:05:00,87.2,20.4,24.7,414.8,68.8,0.4
2024-03-21 17:10:00,88.6,20.4,25.5,415.0,73.2,0.4
2024-03-21 17:15:00,89.6,20.3,26.2,416.2,75.8,0.8
2024-03-21 17:20:00,89.4,20.3,26.1,418.6,77.2,0.8
2024-03-21 17:25:00,89.4,20.3,26.2,418.0,77.2,0.4
2024-03-21 17:30:00,89.8,20.3,26.2,417.2,82.2,0.0
2024-03-21 17:35:00,89.0,20.3,26.0,417.4,77.8,0.2
2024-03-21 17:40:00,89.0,20.2,26.0,420.8,76.6,0.4
2024-03-21 17:45:00,89.0,20.2,25.9,420.4,77.2,0.0
2024-03-21 17:50:00,88.8,20.2,25.6,418.8,76.8,0.4
2024-03-21 17:55:00,88.4,20.2,25.4,417.8,73.6,0.2
2024-03-21 18:00:00,89.2,20.2,26.0,417.8,72.2,0.4
2024-03-21 18:05:00,90.0,20.1,26.4,419.8,74.0,0.2
2024-03-21 18:10:00,90.0,20.2,26.4,419.2,74.2,0.4
2024-03-21 18:15:00,90.0,20.1,26.3,419.6,73.4,0.2
2024-03-21 18:20:00,90.0,20.2,26.3,421.2,74.4,0.4
2024-03-21 18:25:00,90.0,20.1,26.3,421.8,74.0,0.8
2024-03-21 18:30:00,90.0,20.1,26.3,419.4,72.2,1.0
2024-03-21 18:35:00,89.0,20.1,26.0,420.2,74.2,0.4
2024-03-21 18:40:00,89.0,20.1,26.1,418.8,72.4,1.0
2024-03-21 18:45:00,89.0,20.1,26.0,417.5,72.8,0.5
2024-03-21 18:50:00,89.0,20.1,26.0,415.4,70.6,0.0
2024-03-21 18:55:00,89.0,20.0,25.8,412.4,71.2,0.6
2024-03-21 19:00:00,88.6,20.0,25.5,408.0,72.0,0.4
2024-03-21 19:05:00,88.0,20.0,25.3,410.4,69.4,0.4
2024-03-21 19:10:00,87.8,20.0,25.0,414.8,67.0,0.6
2024-03-21 19:15:00,87.0,19.9,24.7,415.2,66.8,0.8
2024-03-21 19:20:00,87.0,19.9,24.6,414.8,64.0,0.4
2024-03-21 19:25:00,86.8,19.9,24.5,412.8,61.8,1.0
2024-03-21 19:30:00,87.0,19.8,24.6,412.8,63.4,0.6
2024-03-21 19:35:00,87.0,19.8,24.6,412.4,63.4,0.4
2024-03-21 19:40:00,86.8,19.8,24.7,414.6,62.4,0.4
2024-03-21 19:45:00,87.0,19.8,24.7,413.6,61.8,0.4
2024-03-21 19:50:00,87.0,19.7,24.8,417.6,60.2,1.2
2024-03-21 19:55:00,87.0,19.7,24.8,415.8,61.8,0.4
2024-03-21 20:00:00,87.0,19.7,25.0,413.6,61.8,0.6
2024-03-21 20:05:00,87.0,19.6,25.1,413.6,60.6,1.0
2024-03-21 20:10:00,87.0,19.6,25.2,413.6,62.2,1.0
2024-03-21 20:15:00,87.0,19.6,25.3,415.8,64.2,0.6
2024-03-21 20:20:00,87.0,19.6,25.3,415.8,63.6,0.6
2024-03-21 20:25:00,87.0,19.6,25.4,416.2,64.4,0.2
2024-03-21 20:30:00,87.0,19.6,25.4,415.2,62.2,0.8
2024-03-21 20:35:00,87.6,19.6,25.5,415.8,63.4,0.6
2024-03-21 20:40:00,88.0,19.6,25.6,416.8,64.6,0.6
2024-03-21 20:45:00,88.0,19.5,25.6,416.4,63.4,0.4
2024-03-21 20:50:00,88.0,19.5,25.8,416.6,64.4,0.6
2024-03-21 20:55:00,88.0,19.6,25.9,415.0,65.0,0.6
2024-03-21 21:00:00,88.0,19.5,25.9,416.4,65.4,0.8
2024-03-21 21:05:00,88.0,19.5,26.0,417.6,68.0,1.0
2024-03-21 21:10:00,88.2,19.5,26.1,417.8,67.2,0.4
2024-03-21 21:15:00,89.0,19.5,26.4,415.8,69.8,0.6
2024-03-21 21:20:00,89.0,19.5,26.8,417.8,71.8,1.0
2024-03-21 21:25:00,89.0,19.5,27.0,419.0,72.0,0.8
2024-03-21 21:30:00,89.0,19.5,27.4,419.8,74.4,1.0
2024-03-21 21:35:00,90.0,19.5,28.0,420.6,79.0,1.0
2024-03-21 21:40:00,90.0,19.5,28.3,422.8,81.2,0.6
2024-03-21 21:45:00,90.0,19.5,27.8,423.0,78.8,0.8
2024-03-21 21:50:00,89.4,19.5,27.6,422.6,77.8,1.0
2024-03-21 21:55:00,89.4,19.4,27.6,423.4,76.8,1.0
2024-03-21 22:00:00,90.0,19.5,27.8,422.2,75.5,0.8
2024-03-21 22:05:00,90.0,19.4,28.3,423.0,77.0,1.0
2024-03-21 22:10:00,90.4,19.4,29.2,422.8,80.0,1.0
2024-03-21 22:15:00,91.0,19.4,30.0,425.6,82.8,1.0
2024-03-21 22:20:00,91.4,19.4,30.6,427.6,82.6,1.0
2024-03-21 22:25:00,92.0,19.4,30.9,426.6,84.0,0.8
2024-03-21 22:30:00,92.0,19.4,31.0,428.4,85.6,0.6
2024-03-21 22:35:00,92.0,19.4,31.2,428.2,82.4,1.0
2024-03-21 22:40:00,92.0,19.4,31.2,427.6,85.8,0.6
2024-03-21 22:45:00,92.0,19.4,31.0,427.6,84.4,1.2
2024-03-21 22:50:00,91.0,19.4,30.6,427.4,81.4,0.8
2024-03-21 22:55:00,91.6,19.4,30.7,429.0,81.0,1.0
2024-03-21 23:00:00,91.0,19.3,30.7,429.8,81.2,1.0
2024-03-21 23:05:00,91.0,19.3,30.6,429.4,78.6,0.8
2024-03-21 23:10:00,91.0,19.3,30.4,428.6,79.0,1.0
2024-03-21 23:15:00,91.0,19.3,30.4,428.0,77.8,0.8
2024-03-21 23:20:00,91.0,19.3,30.6,424.8,76.0,0.8
2024-03-21 23:25:00,91.0,19.3,30.5,427.8,77.8,0.8
2024-03-21 23:30:00,91.0,19.3,30.2,428.2,79.2,1.0
2024-03-21 23:35:00,91.0,19.3,30.1,431.0,79.4,1.0
2024-03-21 23:40:00,91.0,19.3,30.1,428.6,76.6,0.8
2024-03-21 23:45:00,91.0,19.3,30.1,430.8,78.0,0.6
2024-03-21 23:50:00,91.0,19.3,30.2,430.2,79.6,1.0
2024-03-21 23:55:00,91.0,19.3,30.3,429.6,77.0,0.6
2024-03-22 00:00:00,91.0,19.3,30.4,430.2,77.4,0.4
2024-03-22 00:05:00,91.0,19.2,30.4,433.0,79.6,0.8
2024-03-22 00:10:00,91.0,19.2,30.2,433.0,78.8,1.0
2024-03-22 00:15:00,91.0,19.2,30.1,429.2,79.4,1.0
2024-03-22 00:20:00,91.0,19.2,30.0,427.8,80.6,1.0
2024-03-22 00:25:00,90.8,19.2,30.0,428.0,80.2,1.4
2024-03-22 00:30:00,90.0,19.2,29.8,428.6,82.0,2.2
2024-03-22 00:35:00,90.0,19.2,29.8,429.0,82.2,2.0
2024-03-22 00:40:00,90.0,19.2,29.8,428.6,81.4,2.0
2024-03-22 00:45:00,90.4,19.2,30.0,425.2,81.4,2.0
2024-03-22 00:50:00,90.8,19.2,30.1,425.8,82.0,1.8
2024-03-22 00:55:00,91.0,19.2,30.3,423.0,82.2,1.6
2024-03-22 01:00:00,91.0,19.1,30.3,425.2,82.0,1.2
2024-03-22 01:05:00,91.0,19.2,30.4,426.0,81.2,1.0
2024-03-22 01:10:00,91.0,19.2,30.3,425.4,80.6,1.0
2024-03-22 01:15:00,91.0,19.1,30.3,425.0,79.8,1.0
2024-03-22 01:20:00,90.6,19.1,30.3,425.0,79.6,1.0
2024-03-22 01:25:00,90.0,19.1,30.1,426.6,78.4,1.0
2024-03-22 01:30:00,90.0,19.1,30.1,426.0,78.4,0.8
2024-03-22 01:35:00,90.0,19.1,30.1,424.0,78.4,0.8
2024-03-22 01:40:00,90.0,19.1,30.1,425.2,80.0,1.0
2024-03-22 01:45:00,91.0,19.1,30.4,425.2,79.2,0.8
2024-03-22 01:50:00,91.0,19.1,30.5,425.4,79.0,0.8
2024-03-22 01:55:00,91.0,19.1,30.6,427.6,79.0,0.8
2024-03-22 02:00:00,90.2,19.1,30.4,427.8,77.4,0.6
2024-03-22 02:05:00,90.0,19.0,30.2,426.6,76.8,1.0
2024-03-22 02:10:00,90.0,19.0,30.1,427.4,76.6,0.8
2024-03-22 02:15:00,90.0,19.1,30.0,428.0,73.4,1.0
2024-03-22 02:20:00,90.0,19.0,29.9,427.2,75.0,1.0
2024-03-22 02:25:00,90.0,19.0,29.8,428.0,71.2,1.0
2024-03-22 02:30:00,90.0,19.0,29.7,432.4,67.6,1.2
2024-03-22 02:35:00,90.0,19.0,29.6,434.2,66.4,1.0
2024-03-22 02:40:00,90.0,19.1,29.5,434.4,67.2,1.0
2024-03-22 02:45:00,90.0,19.0,29.4,430.6,65.4,1.4
2024-03-22 02:50:00,90.0,19.0,29.4,433.6,64.4,1.2
2024-03-22 02:55:00,90.0,19.0,29.3,435.6,66.4,1.2
2024-03-22 03:00:00,89.6,19.0,29.2,433.8,63.8,1.2
2024-03-22 03:05:00,89.4,19.0,29.2,433.8,62.6,1.0
2024-03-22 03:10:00,89.0,19.0,29.2,435.5,61.5,1.0
2024-03-22 03:15:00,89.2,19.0,29.2,434.4,61.0,1.2
2024-03-22 03:20:00,89.2,19.0,29.1,434.0,60.4,1.2
2024-03-22 03:25:00,89.2,19.0,29.1,432.4,62.4,1.2
2024-03-22 03:30:00,89.0,19.0,29.2,434.8,60.8,1.0
2024-03-22 03:35:00,89.4,19.0,29.2,435.4,60.6,1.0
2024-03-22 03:40:00,89.8,19.0,29.3,434.8,59.4,1.0
2024-03-22 03:45:00,90.0,19.0,29.4,438.6,56.4,1.0
2024-03-22 03:50:00,89.6,19.0,29.3,435.2,57.4,1.0
2024-03-22 03:55:00,89.2,19.0,29.2,434.4,56.0,1.2
2024-03-22 04:00:00,89.0,19.0,29.2,434.8,56.4,1.2
2024-03-22 04:05:00,89.0,19.0,29.2,432.8,54.0,1.0
2024-03-22 04:10:00,89.2,19.0,29.3,431.8,55.0,1.0
2024-03-22 04:15:00,90.0,19.0,29.4,430.8,54.8,1.2
2024-03-22 04:20:00,90.0,19.0,29.4,434.0,54.8,1.0
2024-03-22 04:25:00,90.0,19.0,29.5,434.4,51.6,1.0
2024-03-22 04:30:00,90.0,19.0,29.6,436.8,49.8,1.4
2024-03-22 04:35:00,90.0,19.0,29.8,438.8,50.8,1.0
2024-03-22 04:40:00,90.0,19.0,30.0,438.8,50.4,1.2
2024-03-22 04:45:00,90.0,19.0,30.0,438.2,50.0,1.0
2024-03-22 04:50:00,90.0,19.0,30.0,439.8,54.0,1.0
2024-03-22 04:55:00,90.0,19.0,29.9,440.4,53.4,1.0
2024-03-22 05:00:00,90.0,19.0,30.0,440.8,52.8,1.0
2024-03-22 05:05:00,90.0,19.0,30.1,441.8,50.8,1.0
2024-03-22 05:10:00,90.0,19.0,30.2,443.2,50.2,1.4
2024-03-22 05:15:00,90.0,19.0,30.2,442.4,50.2,1.0
2024-03-22 05:20:00,90.0,18.9,30.1,442.8,51.0,1.4
2024-03-22 05:25:00,90.0,19.0,30.0,442.8,51.0,1.0
2024-03-22 05:30:00,90.0,19.0,30.1,442.8,48.8,1.4
2024-03-22 05:35:00,90.0,19.0,30.2,445.0,46.2,1.2
2024-03-22 05:40:00,90.0,18.9,30.2,445.6,46.2,1.8
2024-03-22 05:45:00,90.0,19.0,30.1,446.0,47.5,1.2
2024-03-22 05:50:00,90.0,19.0,30.1,447.6,52.4,1.0
2024-03-22 05:55:00,90.0,19.0,30.0,449.4,56.6,1.2
2024-03-22 06:00:00,90.0,19.0,29.9,446.2,56.2,1.0
2024-03-22 06:05:00,90.0,19.0,29.9,445.2,56.2,1.0
2024-03-22 06:10:00,90.0,19.0,29.7,441.2,53.8,1.2
2024-03-22 06:15:00,90.0,19.0,29.9,440.2,52.8,1.2
2024-03-22 06:20:00,90.0,19.0,30.1,440.2,50.8,1.6
2024-03-22 06:25:00,90.0,19.0,30.2,439.8,50.8,1.2
2024-03-22 06:30:00,90.0,19.0,30.2,439.2,48.0,1.2
2024-03-22 06:35:00,90.0,19.0,30.3,439.0,50.2,1.0
2024-03-22 06:40:00,90.0,19.0,30.3,444.6,49.4,1.4
2024-03-22 06:45:00,90.0,18.9,30.4,450.0,52.0,1.0
2024-03-22 06:50:00,90.0,19.0,30.2,452.4,57.0,1.2
2024-03-22 06:55:00,90.0,19.0,30.1,451.2,58.0,1.2
2024-03-22 07:00:00,90.0,18.9,30.1,453.6,56.8,1.2
2024-03-22 07:05:00,90.0,18.9,30.1,451.8,53.2,1.0
2024-03-22 07:10:00,90.0,18.9,30.0,451.8,48.8,1.6
2024-03-22 07:15:00,90.0,18.9,29.9,451.0,47.4,1.2
2024-03-22 07:20:00,90.0,18.9,30.0,450.8,47.2,1.0
2024-03-22 07:25:00,90.0,18.9,29.8,446.8,49.4,1.4
2024-03-22 07:30:00,90.0,18.9,29.6,445.2,51.4,1.0
2024-03-22 07:35:00,90.0,18.9,29.6,440.4,50.6,1.0
2024-03-22 07:40:00,89.8,18.9,29.6,438.2,52.0,1.0
2024-03-22 07:45:00,89.0,18.9,29.5,441.6,49.8,1.6
2024-03-22 07:50:00,89.4,18.9,29.5,446.4,55.4,1.4
2024-03-22 07:55:00,89.8,18.9,29.5,450.0,59.6,1.4
2024-03-22 08:00:00,89.4,18.9,29.5,451.8,77.6,1.6
2024-03-22 08:05:00,89.8,19.0,29.5,456.0,77.8,1.4
2024-03-22 08:10:00,89.8,18.9,29.4,462.8,71.0,1.5
2024-03-22 08:15:00,89.2,18.9,29.4,459.4,66.4,1.4
2024-03-22 08:20:00,89.6,19.0,29.3,456.2,62.0,1.6
2024-03-22 08:25:00,89.6,19.0,29.2,456.4,59.2,1.4
2024-03-22 08:30:00,90.0,19.1,29.2,455.2,60.2,1.8
2024-03-22 08:35:00,90.0,19.1,29.2,453.2,58.0,1.4
2024-03-22 08:40:00,90.0,19.1,29.1,452.6,55.6,1.8
2024-03-22 08:45:00,90.0,19.1,29.1,453.2,56.4,1.8
2024-03-22 08:50:00,90.0,19.1,29.1,451.6,55.2,1.6
2024-03-22 08:55:00,90.0,19.2,29.1,451.2,56.8,1.6
2024-03-22 09:00:00,90.0,19.2,29.2,453.8,60.6,1.6
2024-03-22 09:05:00,90.0,19.2,29.3,455.5,67.2,1.5
2024-03-22 09:10:00,90.0,19.3,29.3,458.0,66.0,1.2
2024-03-22 09:15:00,90.0,19.3,29.3,460.6,66.4,1.8
2024-03-22 09:20:00,90.0,19.3,29.3,458.8,68.4,1.4
2024-03-22 09:25:00,90.0,19.4,29.2,455.2,68.2,1.5
2024-03-22 09:30:00,90.0,19.4,29.2,455.0,69.8,1.4
2024-03-22 09:35:00,90.0,19.4,29.1,451.6,72.4,1.4
2024-03-22 09:40:00,90.2,19.4,29.0,450.4,72.0,1.6
2024-03-22 09:45:00,90.4,19.5,28.9,448.2,70.8,1.2
2024-03-22 09:50:00,90.8,19.5,28.9,445.6,72.0,1.6
2024-03-22 09:55:00,91.0,19.7,28.9,444.8,72.4,1.6
2024-03-22 10:00:00,91.0,19.8,28.8,443.3,74.0,1.0
2024-03-22 10:05:00,91.0,19.9,28.7,442.4,74.8,1.0
2024-03-22 10:10:00,91.2,20.1,28.5,441.8,80.2,1.4
2024-03-22 10:15:00,91.0,20.4,28.2,442.8,80.2,1.6
2024-03-22 10:20:00,91.0,20.6,28.1,443.8,80.0,1.2
2024-03-22 10:25:00,91.0,20.8,27.9,442.6,81.8,1.0
2024-03-22 10:30:00,91.0,21.0,27.6,440.8,82.4,1.2
2024-03-22 10:35:00,90.0,21.1,27.1,439.2,81.4,1.0
2024-03-22 10:40:00,90.0,21.2,26.8,433.6,82.0,1.0
2024-03-22 10:45:00,90.0,21.3,26.6,434.6,78.8,1.2
2024-03-22 10:50:00,90.0,21.4,26.6,436.4,79.2,1.0
2024-03-22 10:55:00,90.0,21.5,26.4,436.6,81.4,1.6
2024-03-22 11:00:00,89.4,21.6,26.1,433.2,81.4,1.2
2024-03-22 11:05:00,89.0,21.8,25.7,432.8,83.6,1.0
2024-03-22 11:10:00,88.0,21.9,25.4,433.2,82.4,1.2
2024-03-22 11:15:00,88.0,21.9,25.2,433.8,85.6,1.0
2024-03-22 11:20:00,88.0,22.0,25.1,431.6,86.4,0.8
2024-03-22 11:25:00,88.0,22.1,25.2,430.8,86.8,0.6
2024-03-22 11:30:00,88.0,22.1,25.1,429.6,88.0,1.0
2024-03-22 11:35:00,88.0,22.3,25.0,430.4,86.2,1.0
2024-03-22 11:40:00,87.4,22.3,24.8,431.8,86.8,1.2
2024-03-22 11:45:00,87.0,22.4,24.5,430.6,88.4,1.0
2024-03-22 11:50:00,87.0,22.5,24.4,431.2,88.4,1.2
2024-03-22 11:55:00,86.8,22.5,24.2,431.4,89.0,1.0
2024-03-22 12:00:00,86.4,22.6,24.2,428.6,88.8,0.8
2024-03-22 12:05:00,87.0,22.6,24.3,427.6,89.0,1.0
2024-03-22 12:10:00,87.0,22.6,24.6,428.6,91.2,1.0
2024-03-22 12:15:00,87.0,22.6,24.8,429.8,93.2,1.0
2024-03-22 12:20:00,87.0,22.6,24.7,429.0,93.8,1.0
2024-03-22 12:25:00,87.2,22.6,24.7,426.6,92.6,1.0
2024-03-22 12:30:00,87.0,22.6,24.7,426.4,95.0,1.4
2024-03-22 12:35:00,87.0,22.6,24.6,430.8,94.0,1.0
2024-03-22 12:40:00,87.0,22.6,24.5,430.4,93.2,1.2
2024-03-22 12:45:00,87.0,22.5,24.5,430.6,93.0,1.4
2024-03-22 12:50:00,86.6,22.5,24.2,431.2,92.0,1.2
2024-03-22 12:55:00,86.0,22.4,23.9,430.6,90.2,1.2
2024-03-22 13:00:00,86.0,22.4,23.9,429.2,90.6,1.0
2024-03-22 13:05:00,86.0,22.3,24.0,429.0,90.4,1.0
2024-03-22 13:10:00,86.0,22.2,24.0,427.5,91.2,1.2
2024-03-22 13:15:00,85.6,22.3,23.7,426.4,91.0,1.2
2024-03-22 13:20:00,85.0,22.9,23.3,458.4,95.4,1.2
2024-03-22 13:25:00,84.4,23.0,23.0,458.4,97.0,1.2
2024-03-22 13:30:00,84.0,23.0,22.8,451.8,97.8,1.0
2024-03-22 13:35:00,84.0,23.1,22.6,446.2,97.4,1.0
2024-03-22 13:40:00,83.6,23.1,22.4,439.4,99.0,1.2
2024-03-22 13:45:00,83.2,23.1,22.2,438.0,99.2,1.0
2024-03-22 13:50:00,82.4,23.0,21.7,433.6,97.6,1.2
2024-03-22 13:55:00,82.2,23.0,21.6,430.6,97.4,1.0
2024-03-22 14:00:00,82.0,23.0,21.2,428.0,97.6,0.8
2024-03-22 14:05:00,81.2,23.0,20.9,425.0,96.2,1.0
2024-03-22 14:10:00,81.0,23.0,20.8,423.4,94.6,1.0
2024-03-22 14:15:00,81.2,23.0,20.8,423.0,94.6,1.0
2024-03-22 14:20:00,81.0,23.0,20.5,423.2,92.8,0.6
2024-03-22 14:25:00,80.8,23.0,20.5,421.8,93.2,1.0
2024-03-22 14:30:00,80.4,23.0,20.4,422.0,91.6,1.0
2024-03-22 14:35:00,81.0,22.9,20.5,422.8,92.2,1.2
2024-03-22 14:40:00,81.0,22.9,20.5,423.6,90.0,1.0
2024-03-22 14:45:00,81.0,22.8,20.5,423.6,91.2,1.0
2024-03-22 14:50:00,81.0,22.8,20.6,423.6,90.6,1.0
2024-03-22 14:55:00,81.0,22.8,20.6,422.8,90.6,1.0
2024-03-22 15:00:00,80.8,22.7,20.4,422.6,90.8,1.0
2024-03-22 15:05:00,81.0,22.7,20.4,422.6,91.6,1.0
2024-03-22 15:10:00,80.2,22.7,20.3,423.2,88.4,1.0
2024-03-22 15:15:00,80.0,22.7,20.2,423.4,88.6,0.8
2024-03-22 15:20:00,80.0,22.8,20.1,422.0,87.2,1.0
2024-03-22 15:25:00,80.0,22.8,20.0,420.8,86.8,1.0
2024-03-22 15:30:00,80.0,22.8,19.9,417.6,87.6,1.2
2024-03-22 15:35:00,79.4,22.8,19.7,417.2,86.4,1.2
2024-03-22 15:40:00,79.0,22.8,19.5,416.2,87.0,0.8
2024-03-22 15:45:00,79.0,22.7,19.4,417.2,86.4,1.2
2024-03-22 15:50:00,79.0,22.8,19.3,419.2,85.8,1.0
2024-03-22 15:55:00,79.0,22.8,19.4,417.8,84.8,1.0
2024-03-22 16:00:00,79.0,22.7,19.4,417.8,87.0,1.0
2024-03-22 16:05:00,79.0,22.8,19.6,415.4,87.0,1.0
2024-03-22 16:10:00,79.0,22.8,19.6,417.2,88.8,1.0
2024-03-22 16:15:00,79.4,22.7,19.7,421.2,86.8,0.8
2024-03-22 16:20:00,79.0,22.7,19.6,418.8,89.4,1.0
2024-03-22 16:25:00,79.0,22.7,19.6,416.4,89.4,1.0
2024-03-22 16:30:00,79.0,22.7,19.6,418.6,88.4,1.0
2024-03-22 16:35:00,79.2,22.7,19.6,419.2,88.2,1.0
2024-03-22 16:40:00,79.4,22.7,19.7,417.6,88.0,1.0
2024-03-22 16:45:00,79.0,22.7,19.6,418.2,89.6,0.8
2024-03-22 16:50:00,79.8,22.7,19.7,415.4,88.4,1.0
2024-03-22 16:55:00,79.8,22.7,19.8,417.4,88.4,1.0
2024-03-22 17:00:00,80.0,22.7,19.9,417.2,88.8,1.0
2024-03-22 17:05:00,80.0,22.6,19.9,418.8,88.4,1.0
2024-03-22 17:10:00,80.0,22.6,20.0,420.0,90.8,1.0
2024-03-22 17:15:00,80.0,22.6,20.0,416.0,88.4,1.0
2024-03-22 17:20:00,80.0,22.5,20.1,416.4,90.0,1.0
2024-03-22 17:25:00,80.6,22.4,20.3,418.4,89.6,1.0
2024-03-22 17:30:00,81.4,22.2,20.9,419.0,91.8,1.2
2024-03-22 17:35:00,82.0,21.8,21.4,418.0,84.8,1.6
2024-03-22 17:40:00,82.0,21.5,21.5,418.6,83.4,1.0
2024-03-22 17:45:00,82.6,21.4,21.7,415.8,81.2,1.2
2024-03-22 17:50:00,83.0,21.2,21.9,416.8,81.8,1.4
2024-03-22 17:55:00,83.0,21.1,22.1,415.6,83.2,1.2
2024-03-22 18:00:00,83.6,20.9,22.3,414.8,79.8,1.2
2024-03-22 18:05:00,84.0,20.7,22.8,414.4,79.2,1.2
2024-03-22 18:10:00,84.2,20.5,23.0,414.2,79.8,1.0
2024-03-22 18:15:00,84.0,20.5,22.8,413.0,77.0,1.0
2024-03-22 18:20:00,84.0,20.3,22.9,413.0,76.8,1.0
2024-03-22 18:25:00,84.0,20.2,23.0,414.0,75.4,1.2
2024-03-22 18:30:00,84.4,20.1,23.1,416.2,71.2,1.2
2024-03-22 18:35:00,85.0,20.0,23.3,418.0,70.8,1.2
2024-03-22 18:40:00,85.0,19.8,23.6,416.2,72.0,1.0
2024-03-22 18:45:00,85.0,19.7,23.7,417.2,70.8,1.4
2024-03-22 18:50:00,85.0,19.6,23.9,415.8,74.0,1.0
2024-03-22 18:55:00,85.0,19.5,24.0,415.4,71.6,1.2
2024-03-22 19:00:00,85.0,19.3,24.2,416.2,70.6,1.2
2024-03-22 19:05:00,85.0,19.3,24.4,414.8,70.0,1.0
2024-03-22 19:10:00,85.0,19.2,24.6,413.8,67.8,1.2
2024-03-22 19:15:00,85.0,19.1,24.9,417.4,68.2,1.4
2024-03-22 19:20:00,85.0,19.0,24.9,417.0,66.4,1.2
2024-03-22 19:25:00,85.0,18.9,24.8,416.4,67.0,1.0
2024-03-22 19:30:00,85.0,18.9,24.8,415.2,64.4,1.0
2024-03-22 19:35:00,85.0,18.8,25.1,412.4,63.6,1.4
2024-03-22 19:40:00,85.0,18.7,25.5,413.8,61.4,1.0
2024-03-22 19:45:00,85.2,18.7,25.6,413.2,62.2,1.0
2024-03-22 19:50:00,85.0,18.5,25.8,415.2,63.2,1.2
2024-03-22 19:55:00,85.4,18.5,26.0,414.6,63.0,1.2
2024-03-22 20:00:00,85.4,18.4,26.1,417.8,62.4,1.0
2024-03-22 20:05:00,86.0,18.4,26.4,417.6,63.0,1.0
2024-03-22 20:10:00,86.0,18.3,26.6,417.6,63.8,1.0
2024-03-22 20:15:00,86.0,18.2,27.1,415.8,65.0,1.2
2024-03-22 20:20:00,86.0,18.1,27.4,415.6,64.4,1.2
2024-03-22 20:25:00,86.0,18.2,27.2,417.8,63.8,1.0
2024-03-22 20:30:00,86.0,18.2,27.3,417.6,61.2,1.2
2024-03-22 20:35:00,86.0,18.2,27.6,417.8,58.4,1.0
2024-03-22 20:40:00,86.4,18.1,28.2,420.4,58.2,1.2
2024-03-22 20:45:00,87.2,18.0,29.4,422.8,61.4,1.2
2024-03-22 20:50:00,88.6,18.0,31.2,423.2,70.6,1.2
2024-03-22 20:55:00,89.4,17.9,32.8,423.8,78.0,1.0
2024-03-22 21:00:00,90.0,17.9,33.9,426.2,80.2,1.2
2024-03-22 21:05:00,90.0,17.8,34.0,425.6,80.8,1.4
2024-03-22 21:10:00,90.0,17.8,34.4,426.2,81.0,1.5
2024-03-22 21:15:00,90.0,17.8,34.4,429.0,82.2,1.4
2024-03-22 21:20:00,90.4,17.8,34.6,428.0,81.2,1.2
2024-03-22 21:25:00,90.2,17.7,34.9,427.2,83.2,1.4
2024-03-22 21:30:00,90.0,17.6,34.4,425.6,82.6,1.0
2024-03-22 21:35:00,89.4,17.6,33.9,424.8,82.4,1.4
2024-03-22 21:40:00,89.0,17.6,33.7,427.0,81.0,1.2
2024-03-22 21:45:00,89.0,17.6,33.8,425.0,80.6,1.4
2024-03-22 21:50:00,89.0,17.5,33.9,423.0,80.6,1.2
2024-03-22 21:55:00,89.0,17.5,33.8,424.6,80.8,1.0
2024-03-22 22:00:00,89.2,17.4,34.3,423.0,80.8,1.0
2024-03-22 22:05:00,90.0,17.4,34.8,425.0,80.8,1.4
2024-03-22 22:10:00,89.4,17.4,34.8,427.2,82.8,1.2
2024-03-22 22:15:00,89.2,17.3,34.7,426.0,82.4,1.6
2024-03-22 22:20:00,89.0,17.3,34.6,424.2,82.2,1.0
2024-03-22 22:25:00,89.0,17.3,34.1,424.6,81.4,1.4
2024-03-22 22:30:00,88.0,17.2,33.7,424.6,79.4,1.2
2024-03-22 22:35:00,88.0,17.2,33.4,426.4,78.6,1.0
2024-03-22 22:40:00,88.0,17.1,33.2,424.4,78.2,1.0
2024-03-22 22:45:00,88.0,17.1,33.0,424.8,77.8,1.0
2024-03-22 22:50:00,87.0,17.1,32.9,420.8,78.0,1.0
2024-03-22 22:55:00,87.0,17.0,32.8,420.8,77.0,1.0
2024-03-22 23:00:00,87.0,17.0,32.7,422.2,78.0,1.0
2024-03-22 23:05:00,87.0,16.9,32.8,422.8,77.4,1.2
2024-03-22 23:10:00,87.0,16.9,32.9,423.8,77.2,1.0
2024-03-22 23:15:00,87.0,16.9,32.8,423.4,77.0,1.0
2024-03-22 23:20:00,87.0,16.9,32.7,423.0,78.5,1.2
2024-03-22 23:25:00,87.0,16.8,32.7,425.4,77.0,1.4
2024-03-22 23:30:00,87.0,16.8,32.7,424.2,78.2,1.0
2024-03-22 23:35:00,86.4,16.8,32.6,426.2,77.0,1.0
2024-03-22 23:40:00,86.0,16.8,32.5,425.2,75.0,1.2
2024-03-22 23:45:00,86.0,16.8,32.5,424.2,73.0,1.2
2024-03-22 23:50:00,86.0,16.7,32.7,425.0,71.8,1.0
2024-03-22 23:55:00,86.4,16.7,32.8,425.2,74.0,1.4
2024-03-23 00:00:00,87.0,16.7,33.2,426.2,74.4,1.4
2024-03-23 00:05:00,87.0,16.7,33.4,425.2,76.0,1.0
2024-03-23 00:10:00,87.0,16.7,33.7,425.4,78.2,1.2
2024-03-23 00:15:00,87.0,16.7,33.9,427.0,77.6,1.0
2024-03-23 00:20:00,87.4,16.7,34.4,430.8,77.2,1.6
2024-03-23 00:25:00,88.0,16.9,33.8,432.4,79.2,1.4
2024-03-23 00:30:00,88.0,17.2,33.0,428.8,81.4,1.4
2024-03-23 00:35:00,88.0,17.5,32.6,426.6,82.2,1.6
2024-03-23 00:40:00,88.6,17.7,32.3,427.8,80.0,1.4
2024-03-23 00:45:00,89.0,17.9,31.8,427.4,82.4,1.2
2024-03-23 00:50:00,89.0,18.2,31.3,429.4,82.6,1.2
2024-03-23 00:55:00,89.0,18.3,31.0,433.4,81.2,1.2
2024-03-23 01:00:00,89.0,18.4,30.8,433.6,81.8,1.6
2024-03-23 01:05:00,89.0,18.5,30.6,434.2,79.2,1.8
2024-03-23 01:10:00,89.0,18.5,30.7,435.4,79.8,1.4
2024-03-23 01:15:00,89.0,18.5,30.8,432.8,78.6,1.6
2024-03-23 01:20:00,89.0,18.5,30.8,433.4,78.8,1.2
2024-03-23 01:25:00,89.0,18.5,30.7,434.2,78.2,1.0
2024-03-23 01:30:00,89.0,18.5,30.7,435.6,77.0,1.4
2024-03-23 01:35:00,89.0,18.5,30.6,437.6,76.4,1.4
2024-03-23 01:40:00,89.0,18.5,30.4,437.0,76.4,1.4
2024-03-23 01:45:00,89.0,18.6,30.1,434.0,74.6,1.4
2024-03-23 01:50:00,89.0,18.6,29.9,433.0,73.2,1.6
2024-03-23 01:55:00,89.0,18.6,29.8,432.6,73.8,1.2
2024-03-23 02:00:00,89.0,18.6,29.8,434.0,73.6,1.6
2024-03-23 02:05:00,89.0,18.7,29.7,433.0,72.8,1.2
2024-03-23 02:10:00,89.0,18.7,29.6,431.2,72.5,1.2
2024-03-23 02:15:00,89.0,18.7,29.5,430.6,72.0,1.6
2024-03-23 02:20:00,89.0,18.7,29.3,429.6,71.8,1.6
2024-03-23 02:25:00,89.0,18.8,29.1,427.2,71.4,1.4
2024-03-23 02:30:00,89.0,18.8,29.1,429.4,71.0,1.4
2024-03-23 02:35:00,89.0,18.8,29.0,427.6,70.8,1.4
2024-03-23 02:40:00,89.0,18.8,28.9,425.0,68.2,1.4
2024-03-23 02:45:00,89.0,18.8,28.8,427.8,69.0,1.4
2024-03-23 02:50:00,88.6,18.8,28.6,428.8,69.0,1.8
2024-03-23 02:55:00,88.8,18.8,28.5,428.6,68.4,1.4
2024-03-23 03:00:00,88.2,18.8,28.4,431.0,68.0,1.6
2024-03-23 03:05:00,88.0,18.8,28.4,431.2,67.6,1.0
2024-03-23 03:10:00,88.0,18.8,28.3,431.4,65.8,1.4
2024-03-23 03:15:00,88.0,18.9,28.1,430.8,66.6,1.4
2024-03-23 03:20:00,88.0,18.9,27.8,426.6,67.0,1.2
2024-03-23 03:25:00,88.0,18.9,27.7,422.8,68.4,1.4
2024-03-23 03:30:00,88.0,18.9,27.6,425.4,67.8,1.6
2024-03-23 03:35:00,88.0,18.9,27.6,427.0,65.6,1.2
2024-03-23 03:40:00,88.0,18.9,27.5,427.0,64.6,1.0
2024-03-23 03:45:00,88.0,18.9,27.5,429.0,65.8,1.0
2024-03-23 03:50:00,88.0,18.9,27.4,430.8,63.8,1.0
2024-03-23 03:55:00,88.0,19.0,27.3,433.6,62.4,1.2
2024-03-23 04:00:00,88.0,19.0,27.3,432.6,62.6,1.0
2024-03-23 04:05:00,88.0,19.0,27.2,430.0,62.2,1.0
2024-03-23 04:10:00,88.0,19.0,26.9,426.4,65.8,1.6
2024-03-23 04:15:00,88.0,19.0,26.8,425.6,65.0,1.4
2024-03-23 04:20:00,88.0,19.0,26.9,424.8,67.0,1.4
2024-03-23 04:25:00,88.0,19.0,26.9,422.6,66.8,1.6
2024-03-23 04:30:00,88.0,19.0,26.7,422.4,66.8,1.2
2024-03-23 04:35:00,88.0,19.0,26.7,421.8,65.2,1.2
2024-03-23 04:40:00,87.2,18.9,26.6,421.6,66.0,1.2
2024-03-23 04:45:00,87.0,18.9,26.6,421.2,65.4,1.2
2024-03-23 04:50:00,87.0,18.9,26.5,421.8,65.2,1.6
2024-03-23 04:55:00,87.0,18.9,26.5,421.0,64.0,1.2
2024-03-23 05:00:00,87.0,18.9,26.5,419.4,64.6,1.2
2024-03-23 05:05:00,87.2,18.9,26.5,422.0,65.8,1.2
2024-03-23 05:10:00,87.0,18.9,26.2,424.4,64.6,1.4
2024-03-23 05:15:00,87.0,18.9,26.1,421.8,63.0,1.2
2024-03-23 05:20:00,87.0,18.9,26.1,421.0,62.0,1.8
2024-03-23 05:25:00,87.0,18.9,26.1,422.2,62.2,1.0
2024-03-23 05:30:00,86.2,18.9,25.9,420.8,63.6,1.6
2024-03-23 05:35:00,86.8,18.9,26.1,421.0,60.2,1.0
2024-03-23 05:40:00,86.6,18.9,26.0,423.6,61.6,1.4
2024-03-23 05:45:00,86.0,18.9,25.8,420.8,60.4,1.6
2024-03-23 05:50:00,86.2,18.9,25.8,422.2,60.2,1.6
2024-03-23 05:55:00,86.2,18.9,25.9,422.0,59.0,1.8
2024-03-23 06:00:00,86.0,18.8,25.7,423.0,59.0,1.0
2024-03-23 06:05:00,85.0,18.8,25.4,422.0,55.8,1.4
2024-03-23 06:10:00,85.0,18.8,25.4,422.2,57.4,1.6
2024-03-23 06:15:00,85.8,18.8,25.5,422.0,56.4,1.4
2024-03-23 06:20:00,86.0,18.9,25.6,423.4,55.2,1.2
2024-03-23 06:25:00,85.2,18.8,25.4,422.8,56.6,1.0
2024-03-23 06:30:00,85.0,18.8,25.3,422.8,55.0,1.0
2024-03-23 06:35:00,85.0,18.8,25.1,420.8,55.4,1.2
2024-03-23 06:40:00,85.0,18.8,25.2,422.6,55.8,1.0
2024-03-23 06:45:00,85.0,18.8,25.2,422.6,54.6,1.2
2024-03-23 06:50:00,85.0,18.7,25.0,421.2,55.0,1.2
2024-03-23 06:55:00,84.0,18.7,24.9,420.2,55.2,1.4
2024-03-23 07:00:00,84.6,18.8,24.9,420.2,53.8,1.2
2024-03-23 07:05:00,84.0,18.8,24.8,416.6,53.8,1.0
2024-03-23 07:10:00,84.0,18.7,24.7,419.0,53.8,1.2
2024-03-23 07:15:00,84.0,18.7,24.6,416.0,53.8,1.2
2024-03-23 07:20:00,84.0,18.6,24.5,412.4,52.4,1.6
2024-03-23 07:25:00,84.0,18.6,24.5,412.6,53.2,1.4
2024-03-23 07:30:00,84.0,18.7,24.4,416.4,53.6,1.0
2024-03-23 07:35:00,84.0,18.7,24.6,419.0,52.6,1.2
2024-03-23 07:40:00,84.4,18.8,24.9,421.2,53.0,1.8
2024-03-23 07:45:00,85.0,18.8,25.3,422.8,55.0,1.2
2024-03-23 07:50:00,85.0,18.8,25.2,425.6,56.4,1.8
2024-03-23 07:55:00,84.0,18.8,24.8,424.0,54.2,1.4
2024-03-23 08:00:00,84.2,18.8,24.7,424.4,53.8,1.4
2024-03-23 08:05:00,85.0,18.8,25.1,425.4,53.6,1.4
2024-03-23 08:10:00,84.5,18.8,24.9,426.2,55.5,1.5
2024-03-23 08:15:00,84.0,18.8,24.6,425.8,53.4,1.2
2024-03-23 08:20:00,84.0,18.8,24.4,426.0,53.8,1.6
2024-03-23 08:25:00,84.0,18.9,24.2,423.2,54.4,1.2
2024-03-23 08:30:00,84.0,18.9,24.2,420.2,54.0,1.4
2024-03-23 08:35:00,83.2,18.9,24.1,419.6,54.2,1.6
2024-03-23 08:40:00,83.0,18.9,24.0,421.8,54.2,1.0
2024-03-23 08:45:00,83.0,18.9,24.0,422.6,52.2,1.2
2024-03-23 08:50:00,83.0,18.8,23.9,424.4,52.8,1.2
2024-03-23 08:55:00,83.0,18.8,23.8,422.6,53.4,1.4
2024-03-23 09:00:00,83.0,18.8,23.7,421.4,54.2,1.6
2024-03-23 09:05:00,83.0,18.8,23.6,420.8,54.0,1.4
2024-03-23 09:10:00,82.0,18.8,23.5,422.4,54.6,1.6
2024-03-23 09:15:00,82.0,18.8,23.5,422.0,54.8,1.4
2024-03-23 09:20:00,82.0,18.9,23.4,421.4,55.0,1.8
2024-03-23 09:25:00,82.0,18.9,23.4,420.4,55.2,1.0
2024-03-23 09:30:00,82.0,18.9,23.3,422.6,53.4,1.6
2024-03-23 09:35:00,82.0,18.9,23.3,422.8,54.0,1.2
2024-03-23 09:40:00,82.0,18.9,23.2,419.8,55.2,1.0
2024-03-23 09:45:00,82.0,18.9,23.2,420.8,55.0,1.4
2024-03-23 09:50:00,82.0,18.9,23.2,420.8,55.8,1.4
2024-03-23 09:55:00,82.0,18.9,23.1,420.4,54.6,1.2
2024-03-23 10:00:00,82.0,19.0,23.1,419.8,55.2,1.0
2024-03-23 10:05:00,82.0,19.0,23.1,418.8,55.8,1.4
2024-03-23 10:10:00,82.0,18.9,23.1,418.0,55.2,1.0
2024-03-23 10:15:00,82.0,19.0,23.1,419.0,55.8,1.4
2024-03-23 10:20:00,82.0,18.9,23.0,417.4,56.0,1.6
2024-03-23 10:25:00,82.0,19.0,22.9,419.2,55.0,1.2
2024-03-23 10:30:00,82.0,19.0,22.9,419.6,57.0,2.0
2024-03-23 10:35:00,82.0,19.0,22.9,418.0,56.2,1.6
2024-03-23 10:40:00,82.0,19.0,22.9,417.6,56.6,1.6
2024-03-23 10:45:00,82.0,19.1,22.8,417.8,55.6,1.4
2024-03-23 10:50:00,82.0,19.0,22.8,418.8,54.6,1.8
2024-03-23 10:55:00,82.0,19.1,22.8,417.2,55.4,1.8
2024-03-23 11:00:00,82.0,19.1,22.7,419.2,55.8,1.6
2024-03-23 11:05:00,82.0,19.2,22.7,419.2,57.6,1.4
2024-03-23 11:10:00,82.0,19.3,22.7,419.0,56.0,1.6
2024-03-23 11:15:00,82.0,19.4,22.6,418.8,57.0,1.2
2024-03-23 11:20:00,82.0,19.4,22.6,417.6,58.0,1.2
2024-03-23 11:25:00,82.0,19.4,22.5,418.0,56.2,1.6
2024-03-23 11:30:00,82.0,19.5,22.4,417.2,56.6,1.6
2024-03-23 11:35:00,82.0,19.4,22.4,416.4,58.2,1.4
2024-03-23 11:40:00,82.0,19.4,22.4,418.2,56.2,1.2
2024-03-23 11:45:00,82.0,19.4,22.4,418.8,57.4,1.8
2024-03-23 11:50:00,82.0,19.4,22.4,419.4,57.2,1.6
2024-03-23 11:55:00,82.0,19.4,22.5,418.4,57.6,1.4
2024-03-23 12:00:00,82.4,19.5,22.5,420.4,56.8,1.0
2024-03-23 12:05:00,82.2,19.4,22.6,421.0,58.8,1.4
2024-03-23 12:10:00,82.0,19.4,22.6,419.0,58.4,1.6
2024-03-23 12:15:00,82.2,19.5,22.6,416.0,57.8,1.4
2024-03-23 12:20:00,82.6,19.5,22.5,416.0,56.8,1.6
2024-03-23 12:25:00,82.0,19.5,22.5,416.4,57.4,1.4
2024-03-23 12:30:00,82.2,19.5,22.5,417.4,56.6,2.0
2024-03-23 12:35:00,82.6,19.5,22.6,419.4,57.6,2.0
2024-03-23 12:40:00,82.2,19.5,22.6,418.8,57.6,2.0
2024-03-23 12:45:00,82.8,19.5,22.6,416.8,57.0,1.8
2024-03-23 12:50:00,83.0,19.5,22.6,419.6,57.6,2.0
2024-03-23 12:55:00,82.8,19.5,22.6,417.2,57.6,2.0
2024-03-23 13:00:00,83.0,19.6,22.6,414.5,57.2,1.8
2024-03-23 13:05:00,83.0,19.6,22.5,414.0,58.6,1.8
2024-03-23 13:10:00,83.0,19.7,22.5,413.0,59.4,2.0
2024-03-23 13:15:00,83.0,19.7,22.5,416.4,59.0,2.0
2024-03-23 13:20:00,83.0,19.7,22.6,417.6,59.4,1.8
2024-03-23 13:25:00,83.0,19.8,22.4,416.6,58.6,1.6
2024-03-23 13:30:00,83.0,19.8,22.5,416.0,59.4,1.4
2024-03-23 13:35:00,83.0,19.7,22.7,417.2,58.4,1.8
2024-03-23 13:40:00,83.0,19.8,22.6,420.0,60.2,1.8
2024-03-23 13:45:00,83.2,19.8,22.7,417.2,60.4,2.0
2024-03-23 13:50:00,83.8,19.8,22.8,414.8,60.6,1.6
2024-03-23 13:55:00,83.2,19.7,22.8,416.4,59.8,1.8
2024-03-23 14:00:00,83.0,19.7,22.9,416.6,57.6,1.6
2024-03-23 14:05:00,83.0,19.6,22.9,414.8,57.8,1.6
2024-03-23 14:10:00,83.4,19.6,23.1,415.8,58.0,1.8
2024-03-23 14:15:00,83.0,19.5,23.1,416.4,57.0,1.8
2024-03-23 14:20:00,83.0,19.5,23.1,417.2,58.6,1.4
2024-03-23 14:25:00,83.8,19.5,23.2,417.6,58.6,1.8
2024-03-23 14:30:00,83.0,19.5,23.1,414.6,57.6,1.8
2024-03-23 14:35:00,83.0,19.5,23.0,414.0,58.2,1.2
2024-03-23 14:40:00,83.0,19.5,22.9,416.6,60.0,1.2
2024-03-23 14:45:00,83.0,19.6,22.7,415.0,58.6,1.2
2024-03-23 14:50:00,83.0,19.6,22.6,414.6,60.4,1.0
2024-03-23 14:55:00,83.0,19.6,22.6,416.2,60.8,1.8
2024-03-23 15:00:00,83.0,19.6,22.7,415.0,59.8,1.0
2024-03-23 15:05:00,83.0,19.6,22.7,415.6,59.0,1.6
2024-03-23 15:10:00,83.0,19.6,22.8,413.8,59.8,1.2
2024-03-23 15:15:00,83.0,19.7,22.8,414.2,58.2,1.0
2024-03-23 15:20:00,83.0,19.6,23.0,415.0,58.8,1.6
2024-03-23 15:25:00,83.0,19.6,23.0,416.2,59.2,1.2
2024-03-23 15:30:00,83.2,19.6,23.0,417.6,58.8,1.4
2024-03-23 15:35:00,83.0,19.6,23.0,416.4,59.0,1.6
2024-03-23 15:40:00,83.0,19.5,23.1,416.4,59.0,1.0
2024-03-23 15:45:00,83.0,19.5,23.1,414.6,58.0,1.4
2024-03-23 15:50:00,83.0,19.5,23.1,414.8,59.6,1.2
2024-03-23 15:55:00,83.0,19.5,23.1,412.0,58.6,1.6
2024-03-23 16:00:00,83.0,19.5,23.1,415.0,58.2,1.6
2024-03-23 16:05:00,83.0,19.5,23.0,413.2,58.0,1.4
2024-03-23 16:10:00,83.0,19.5,23.1,412.8,59.2,1.4
2024-03-23 16:15:00,84.0,19.5,23.2,413.8,58.8,1.2
2024-03-23 16:20:00,84.8,19.6,23.9,416.2,62.4,2.0
2024-03-23 16:25:00,87.0,19.6,25.2,416.2,69.2,1.8
2024-03-23 16:30:00,88.2,19.6,25.9,416.0,76.6,2.0
2024-03-23 16:35:00,89.0,19.6,26.7,418.8,81.4,2.2
2024-03-23 16:40:00,90.0,19.6,27.8,420.4,85.6,2.4
2024-03-23 16:45:00,90.8,19.6,29.2,422.0,90.4,2.2
2024-03-23 16:50:00,92.0,19.6,30.5,425.0,93.8,2.0
2024-03-23 16:55:00,92.4,19.6,31.3,425.8,97.2,2.0
2024-03-23 17:00:00,93.0,19.6,32.0,424.6,100.6,2.4
2024-03-23 17:05:00,93.0,19.6,32.2,423.2,101.6,2.2
2024-03-23 17:10:00,93.0,19.6,32.4,425.6,102.4,2.4
2024-03-23 17:15:00,93.0,19.6,32.1,424.6,100.4,2.0
2024-03-23 17:20:00,93.0,19.7,31.8,422.0,101.0,2.2
2024-03-23 17:25:00,93.0,19.7,31.9,421.6,98.2,2.0
2024-03-23 17:30:00,93.0,19.7,31.9,422.0,99.8,2.0
2024-03-23 17:35:00,93.0,19.7,31.9,421.4,98.6,2.0
2024-03-23 17:40:00,93.0,19.7,31.9,420.2,99.6,2.0
2024-03-23 17:45:00,93.0,19.7,31.9,419.0,98.0,2.2
2024-03-23 17:50:00,93.0,19.7,31.9,422.4,95.0,2.0
2024-03-23 17:55:00,93.0,19.7,32.0,421.0,95.6,2.4
2024-03-23 18:00:00,93.0,19.7,32.1,421.4,94.8,2.0
2024-03-23 18:05:00,93.0,19.7,32.1,422.4,94.6,2.0
2024-03-23 18:10:00,93.0,19.7,32.2,420.2,93.8,1.8
2024-03-23 18:15:00,93.0,19.7,32.2,420.2,95.2,2.2
2024-03-23 18:20:00,93.6,19.6,32.5,421.0,93.0,1.8
2024-03-23 18:25:00,94.0,19.6,32.7,420.2,95.8,2.2
2024-03-23 18:30:00,93.0,19.6,32.4,422.4,96.8,2.2
2024-03-23 18:35:00,93.0,19.6,32.2,423.2,97.2,2.0
2024-03-23 18:40:00,93.0,19.6,32.2,421.6,99.4,2.0
2024-03-23 18:45:00,93.0,19.6,32.2,420.2,97.4,2.0
2024-03-23 18:50:00,93.0,19.6,32.4,422.2,98.2,2.0
2024-03-23 18:55:00,93.2,19.6,32.5,422.4,96.8,1.8
2024-03-23 19:00:00,93.6,19.6,32.7,420.2,98.2,1.8
2024-03-23 19:05:00,94.0,19.6,33.0,422.8,97.6,1.8
2024-03-23 19:10:00,94.0,19.6,33.2,426.4,99.8,1.8
2024-03-23 19:15:00,94.4,19.6,33.8,426.8,101.4,1.8
2024-03-23 19:20:00,95.0,19.6,34.4,426.6,107.4,2.0
2024-03-23 19:25:00,95.0,19.6,34.8,428.6,105.2,1.8
2024-03-23 19:30:00,95.0,19.6,35.1,428.0,104.6,2.0
2024-03-23 19:35:00,95.4,19.6,35.3,430.6,104.6,2.0
2024-03-23 19:40:00,96.0,19.6,35.5,432.0,103.0,2.0
2024-03-23 19:45:00,96.0,19.6,35.5,433.0,102.8,2.0
2024-03-23 19:50:00,96.0,19.6,35.6,435.0,101.6,2.0
2024-03-23 19:55:00,96.0,19.6,35.5,436.2,100.8,2.0
2024-03-23 20:00:00,96.0,19.6,35.6,436.8,100.6,2.0
2024-03-23 20:05:00,96.0,19.6,35.6,435.4,101.2,2.2
2024-03-23 20:10:00,96.0,19.6,35.6,433.0,100.2,1.4
2024-03-23 20:15:00,96.0,19.6,35.5,431.8,101.5,1.8
2024-03-23 20:20:00,96.0,19.6,35.5,432.4,99.8,1.4
2024-03-23 20:25:00,96.0,19.6,35.5,431.0,98.2,1.0
2024-03-23 20:30:00,96.0,19.6,35.5,431.6,96.4,1.0
2024-03-23 20:35:00,96.0,19.6,35.5,432.0,95.4,1.2
2024-03-23 20:40:00,96.0,19.6,35.5,432.2,97.2,1.2
2024-03-23 20:45:00,96.0,19.6,35.6,432.8,95.2,1.0
2024-03-23 20:50:00,96.0,19.6,35.5,434.2,92.4,1.0
2024-03-23 20:55:00,96.0,19.6,35.5,435.6,93.0,1.2
2024-03-23 21:00:00,96.0,19.6,35.4,436.8,93.6,1.4
2024-03-23 21:05:00,95.8,19.7,35.2,435.2,94.4,1.2
2024-03-23 21:10:00,96.0,19.7,35.1,433.0,96.5,1.5
2024-03-23 21:15:00,95.8,19.6,35.2,431.4,97.4,1.6
2024-03-23 21:20:00,96.0,19.7,35.2,434.6,96.4,1.4
2024-03-23 21:25:00,95.2,19.6,35.1,434.6,95.8,1.0
2024-03-23 21:30:00,95.0,19.7,35.0,432.4,97.8,1.2
2024-03-23 21:35:00,95.0,19.7,35.0,434.6,99.4,1.8
2024-03-23 21:40:00,95.2,19.7,34.9,435.0,98.8,1.4
2024-03-23 21:45:00,95.0,19.7,34.7,435.4,99.4,1.4
2024-03-23 21:50:00,95.0,19.7,34.6,434.6,98.8,1.8
2024-03-23 21:55:00,95.0,19.7,34.6,434.2,99.6,1.2
2024-03-23 22:00:00,95.0,19.7,34.5,431.6,96.8,1.8
2024-03-23 22:05:00,95.0,19.7,34.5,432.6,99.2,1.8
2024-03-23 22:10:00,95.0,19.7,34.6,430.0,96.6,2.0
2024-03-23 22:15:00,95.0,19.7,34.5,431.2,97.6,1.8
2024-03-23 22:20:00,95.0,19.7,34.6,432.2,96.6,2.2
2024-03-23 22:25:00,95.0,19.7,34.6,432.8,97.4,1.8
2024-03-23 22:30:00,94.8,19.7,33.9,432.8,98.4,1.4
2024-03-23 22:35:00,94.2,19.7,33.4,432.0,97.2,1.0
2024-03-23 22:40:00,94.0,19.7,33.0,432.0,96.2,1.0
2024-03-23 22:45:00,93.8,19.6,32.6,430.4,96.6,1.0
2024-03-23 22:50:00,93.0,19.6,32.2,427.4,95.0,1.0
2024-03-23 22:55:00,93.0,19.6,31.8,427.2,97.6,1.0
2024-03-23 23:00:00,93.0,19.7,31.5,426.6,96.4,1.0
2024-03-23 23:05:00,93.0,19.7,31.2,427.0,95.0,0.8
2024-03-23 23:10:00,93.0,19.7,31.2,426.4,94.8,0.8
2024-03-23 23:15:00,92.0,19.7,30.9,426.4,94.8,0.8
2024-03-23 23:20:00,92.6,19.7,31.0,427.0,94.6,0.2
2024-03-23 23:25:00,93.0,19.7,31.3,427.4,96.8,0.8
2024-03-23 23:30:00,93.0,19.7,31.2,428.4,96.2,0.6
2024-03-23 23:35:00,93.0,19.7,31.6,426.8,97.4,1.0
2024-03-23 23:40:00,93.0,19.7,31.8,429.4,97.2,0.4
2024-03-23 23:45:00,93.0,19.7,31.5,430.8,97.8,1.0
2024-03-23 23:50:00,93.0,19.7,31.2,430.0,96.8,0.8
2024-03-23 23:55:00,93.0,19.7,31.0,429.4,95.0,0.8
2024-03-24 00:00:00,93.0,19.7,31.1,430.0,95.2,1.0
2024-03-24 00:05:00,92.2,19.6,31.0,428.2,95.0,0.2
2024-03-24 00:10:00,92.0,19.6,30.8,429.6,93.2,0.8
2024-03-24 00:15:00,92.0,19.6,30.5,428.4,92.8,0.8
2024-03-24 00:20:00,92.0,19.6,30.4,426.6,90.4,1.0
2024-03-24 00:25:00,92.0,19.6,30.4,423.8,88.6,1.0
2024-03-24 00:30:00,92.0,19.6,30.2,424.2,89.2,0.8
2024-03-24 00:35:00,92.0,19.6,30.2,425.2,87.4,1.0
2024-03-24 00:40:00,91.0,19.5,30.1,423.4,88.4,0.8
2024-03-24 00:45:00,91.0,19.6,29.9,425.0,86.6,0.8
2024-03-24 00:50:00,91.0,19.5,29.9,425.6,85.6,0.4
2024-03-24 00:55:00,91.0,19.4,29.7,423.4,84.4,0.8
2024-03-24 01:00:00,91.0,19.4,29.3,424.8,83.8,0.2
2024-03-24 01:05:00,90.4,19.4,29.2,422.0,81.4,0.4
2024-03-24 01:10:00,90.0,19.4,28.9,421.0,81.0,0.4
2024-03-24 01:15:00,89.6,19.3,28.5,420.8,78.2,0.2
2024-03-24 01:20:00,89.0,19.1,28.1,420.8,73.4,0.2
2024-03-24 01:25:00,88.6,19.1,27.5,417.2,69.8,0.0
2024-03-24 01:30:00,88.0,19.0,27.1,419.0,67.2,0.4
2024-03-24 01:35:00,87.8,19.0,26.7,422.8,64.4,0.6
2024-03-24 01:40:00,87.0,18.9,26.3,420.6,61.2,0.2
2024-03-24 01:45:00,86.2,18.9,25.9,418.6,58.4,0.4
2024-03-24 01:50:00,85.8,18.8,25.6,416.8,56.4,0.4
2024-03-24 01:55:00,85.0,18.8,25.1,414.4,55.2,0.2
2024-03-24 02:00:00,84.0,18.8,24.7,414.6,51.6,0.8
2024-03-24 02:05:00,84.0,18.8,24.4,414.0,51.0,0.8
2024-03-24 02:10:00,83.5,18.7,24.4,413.8,49.8,0.2
2024-03-24 02:15:00,83.2,18.7,24.3,413.6,50.2,0.4
2024-03-24 02:20:00,83.0,18.6,24.2,414.6,48.8,0.4
2024-03-24 02:25:00,83.0,18.6,24.2,416.4,49.4,0.8
2024-03-24 02:30:00,83.0,18.6,24.1,416.0,49.8,0.4
2024-03-24 02:35:00,83.0,18.5,24.1,415.4,48.6,0.6
2024-03-24 02:40:00,83.0,18.5,24.2,417.4,48.2,0.6
2024-03-24 02:45:00,82.6,18.5,24.1,418.4,47.2,0.4
2024-03-24 02:50:00,82.2,18.5,24.1,416.8,47.0,0.6
2024-03-24 02:55:00,82.0,18.4,24.1,417.2,47.2,0.2
2024-03-24 03:00:00,82.0,18.5,23.9,416.2,45.8,0.2
2024-03-24 03:05:00,82.0,18.4,23.8,417.0,47.0,0.6
2024-03-24 03:10:00,82.0,18.5,23.6,418.2,46.4,0.6
2024-03-24 03:15:00,81.2,18.4,23.5,415.8,44.6,0.8
2024-03-24 03:20:00,81.0,18.4,23.4,414.2,45.4,0.2
2024-03-24 03:25:00,80.8,18.4,23.1,415.6,45.8,0.2
2024-03-24 03:30:00,80.0,18.4,23.0,414.8,43.8,0.6
2024-03-24 03:35:00,80.0,18.4,22.9,414.0,43.8,0.6
2024-03-24 03:40:00,80.0,18.4,22.9,413.4,44.0,1.0
2024-03-24 03:45:00,80.0,18.4,22.7,412.6,43.4,0.2
2024-03-24 03:50:00,80.0,18.3,22.7,411.4,42.6,0.4
2024-03-24 03:55:00,80.0,18.3,22.7,411.4,41.8,0.2
2024-03-24 04:00:00,80.0,18.3,22.7,412.8,43.0,0.6
2024-03-24 04:05:00,79.2,18.2,22.6,413.4,41.8,0.8
2024-03-24 04:10:00,79.0,18.2,22.5,414.8,42.6,0.2
2024-03-24 04:15:00,79.0,18.2,22.4,415.2,41.6,0.6
2024-03-24 04:20:00,79.0,18.2,22.3,414.0,41.4,0.4
2024-03-24 04:25:00,79.0,18.2,22.2,413.8,41.6,0.6
2024-03-24 04:30:00,79.0,18.2,22.1,412.0,40.8,0.8
2024-03-24 04:35:00,78.8,18.2,22.0,411.4,41.2,0.6
2024-03-24 04:40:00,79.0,18.2,22.1,409.6,41.4,0.6
2024-03-24 04:45:00,78.0,18.2,21.9,412.6,40.4,0.4
2024-03-24 04:50:00,78.0,18.2,21.9,414.4,40.2,0.4
2024-03-24 04:55:00,78.0,18.2,21.8,412.6,41.4,0.4
2024-03-24 05:00:00,78.0,18.2,21.7,413.6,40.6,0.8
2024-03-24 05:05:00,78.0,18.2,21.7,411.0,40.8,0.6
2024-03-24 05:10:00,78.0,18.2,21.7,412.2,40.2,1.0
2024-03-24 05:15:00,78.0,18.2,21.7,415.4,39.8,0.6
2024-03-24 05:20:00,78.0,18.2,21.6,416.0,41.2,0.8
2024-03-24 05:25:00,78.0,18.2,21.5,411.6,39.6,0.8
2024-03-24 05:30:00,77.0,18.1,21.5,412.8,39.0,0.2
2024-03-24 05:35:00,77.0,18.1,21.3,414.0,39.6,1.0
2024-03-24 05:40:00,77.0,18.1,21.2,416.6,39.4,0.6
2024-03-24 05:45:00,77.0,18.1,21.1,415.2,38.2,1.0
2024-03-24 05:50:00,77.0,18.1,21.0,414.0,37.2,0.6
2024-03-24 05:55:00,77.0,18.2,20.9,413.6,37.4,1.0
2024-03-24 06:00:00,77.0,18.2,20.8,413.0,38.0,0.4
2024-03-24 06:05:00,76.4,18.1,20.8,412.8,36.6,0.8
2024-03-24 06:10:00,76.6,18.1,20.8,412.4,37.2,1.2
2024-03-24 06:15:00,77.0,18.2,20.8,414.4,37.2,0.8
2024-03-24 06:20:00,76.8,18.2,20.7,412.8,39.0,0.8
2024-03-24 06:25:00,76.2,18.2,20.6,412.8,37.8,0.8
2024-03-24 06:30:00,76.0,18.2,20.6,412.8,37.0,0.6
2024-03-24 06:35:00,76.0,18.2,20.6,414.4,37.0,1.0
2024-03-24 06:40:00,76.0,18.2,20.5,414.6,36.4,1.0
2024-03-24 06:45:00,76.0,18.2,20.5,412.2,37.0,0.8
2024-03-24 06:50:00,76.0,18.2,20.4,413.0,36.2,1.0
2024-03-24 06:55:00,76.0,18.2,20.4,412.2,37.8,0.8
2024-03-24 07:00:00,76.0,18.2,20.2,414.8,35.4,1.0
2024-03-24 07:05:00,76.0,18.2,20.1,414.4,34.4,1.0
2024-03-24 07:10:00,76.0,18.2,20.0,412.6,36.4,0.6
2024-03-24 07:15:00,76.0,18.2,20.1,411.2,34.4,0.8
2024-03-24 07:20:00,76.0,18.2,20.0,411.6,33.6,0.6
2024-03-24 07:25:00,75.6,18.2,20.0,409.4,34.2,0.8
2024-03-24 07:30:00,75.4,18.2,20.0,411.2,35.4,0.8
2024-03-24 07:35:00,75.6,18.2,20.0,409.8,36.0,1.0
2024-03-24 07:40:00,75.0,18.2,19.9,411.6,37.2,1.0
2024-03-24 07:45:00,75.0,18.2,19.9,414.2,35.8,1.0
2024-03-24 07:50:00,75.0,18.2,19.8,412.0,35.0,1.0
2024-03-24 07:55:00,75.0,18.3,19.8,412.2,35.0,0.8
2024-03-24 08:00:00,75.0,18.3,19.8,415.6,36.6,1.0
2024-03-24 08:05:00,75.0,18.3,19.8,413.2,37.4,1.0
2024-03-24 08:10:00,75.0,18.3,19.7,411.6,36.6,0.8
2024-03-24 08:15:00,75.0,18.4,19.7,414.2,37.2,1.0
2024-03-24 08:20:00,75.4,18.3,19.8,412.0,36.0,0.8
2024-03-24 08:25:00,75.0,18.3,19.7,408.0,35.0,1.0
2024-03-24 08:30:00,75.0,18.3,19.7,413.2,36.8,1.0
2024-03-24 08:35:00,75.0,18.3,19.6,414.8,36.8,1.0
2024-03-24 08:40:00,75.0,18.3,19.6,415.0,38.0,1.0
2024-03-24 08:45:00,75.0,18.4,19.5,416.4,36.2,1.0
2024-03-24 08:50:00,75.0,18.4,19.5,416.4,38.4,1.0
2024-03-24 08:55:00,75.0,18.4,19.4,414.8,38.6,1.2
2024-03-24 09:00:00,75.0,18.4,19.3,416.8,38.0,0.8
2024-03-24 09:05:00,75.0,18.4,19.2,415.6,38.4,1.0
2024-03-24 09:10:00,75.0,18.5,19.2,416.6,38.2,1.0
2024-03-24 09:15:00,75.0,18.5,19.0,417.4,37.8,1.0
2024-03-24 09:20:00,74.8,18.6,18.9,417.0,39.0,0.8
2024-03-24 09:25:00,75.0,18.6,18.8,421.6,40.2,0.8
2024-03-24 09:30:00,75.0,18.7,18.7,422.8,38.4,1.0
2024-03-24 09:35:00,75.0,18.8,18.6,422.4,38.0,1.0
2024-03-24 09:40:00,75.0,18.9,18.6,420.4,39.2,1.0
2024-03-24 09:45:00,75.0,18.9,18.5,420.8,39.4,1.0
2024-03-24 09:50:00,75.0,19.0,18.4,421.2,29.8,1.2
2024-03-24 09:55:00,75.0,19.0,18.4,421.2,28.2,1.2
2024-03-24 10:00:00,75.0,19.1,18.3,419.6,33.4,1.0
2024-03-24 10:05:00,75.0,19.1,18.2,410.0,35.4,1.0
2024-03-24 10:10:00,75.0,19.1,18.2,405.8,39.0,1.0
2024-03-24 10:15:00,75.0,19.2,18.1,408.6,38.8,1.0
2024-03-24 10:20:00,75.0,19.2,18.0,407.6,38.2,0.8
2024-03-24 10:25:00,75.0,19.3,17.9,409.8,38.4,1.0
2024-03-24 10:30:00,75.0,19.4,17.9,412.8,39.6,1.0
2024-03-24 10:35:00,75.0,19.4,17.8,414.6,39.8,1.0
2024-03-24 10:40:00,75.0,19.5,17.7,415.0,41.0,1.0
2024-03-24 10:45:00,75.0,19.5,17.6,412.6,41.6,1.0
2024-03-24 10:50:00,75.0,19.5,17.7,412.4,40.6,1.0
2024-03-24 10:55:00,75.0,19.6,17.6,415.4,39.8,1.0
2024-03-24 11:00:00,75.0,19.6,17.5,416.8,39.6,1.0
2024-03-24 11:05:00,75.0,19.7,17.6,416.4,41.4,1.0
2024-03-24 11:10:00,75.0,19.7,17.5,416.5,42.8,1.0
2024-03-24 11:15:00,75.0,19.8,17.5,415.4,43.8,1.0
2024-03-24 11:20:00,76.0,19.8,17.6,416.0,45.0,1.0
2024-03-24 11:25:00,75.8,19.9,17.6,415.8,44.4,0.8
2024-03-24 11:30:00,76.0,19.9,17.5,413.6,45.6,1.0
2024-03-24 11:35:00,75.0,19.9,17.4,414.8,43.2,1.0
2024-03-24 11:40:00,75.0,19.9,17.4,413.8,44.6,1.0
2024-03-24 11:45:00,75.0,19.9,17.3,416.2,42.8,1.2
2024-03-24 11:50:00,75.0,19.9,17.3,417.8,42.8,1.0
2024-03-24 11:55:00,75.0,20.0,17.3,415.2,43.6,1.0
2024-03-24 12:00:00,75.0,19.9,17.3,416.4,44.0,0.8
2024-03-24 12:05:00,75.4,20.0,17.4,417.6,44.4,1.0
2024-03-24 12:10:00,76.0,20.0,17.5,417.8,45.8,1.0
2024-03-24 12:15:00,76.0,20.1,17.5,417.6,47.2,1.0
2024-03-24 12:20:00,76.0,20.1,17.5,416.8,50.2,1.2
2024-03-24 12:25:00,76.0,20.2,17.6,418.8,50.6,1.0
2024-03-24 12:30:00,76.0,20.2,17.6,417.8,49.6,1.0
2024-03-24 12:35:00,76.0,20.3,17.7,418.8,49.0,1.0
2024-03-24 12:40:00,76.0,20.3,17.6,420.0,49.4,1.2
2024-03-24 12:45:00,76.0,20.3,17.6,416.2,48.4,1.0
2024-03-24 12:50:00,76.0,20.3,17.6,415.6,48.4,1.0
2024-03-24 12:55:00,76.0,20.3,17.6,416.2,48.0,1.0
2024-03-24 13:00:00,76.0,20.3,17.6,416.4,49.0,1.2
2024-03-24 13:05:00,76.0,20.3,17.6,415.8,49.4,1.6
2024-03-24 13:10:00,76.0,20.4,17.6,417.0,50.8,1.2
2024-03-24 13:15:00,76.0,20.4,17.6,417.4,48.6,1.2
2024-03-24 13:20:00,76.0,20.4,17.5,420.0,50.6,1.6
2024-03-24 13:25:00,76.0,20.4,17.7,418.8,49.2,1.6
2024-03-24 13:30:00,76.0,20.4,17.7,420.2,49.2,1.6
2024-03-24 13:35:00,76.0,20.4,17.8,419.0,51.8,1.6
2024-03-24 13:40:00,76.6,20.3,17.9,418.2,50.6,1.8
2024-03-24 13:45:00,77.0,20.3,18.1,418.6,51.0,1.8
2024-03-24 13:50:00,77.0,20.3,18.3,418.0,51.8,1.8
2024-03-24 13:55:00,77.6,20.3,18.5,417.2,54.4,1.6
2024-03-24 14:00:00,78.0,20.3,18.7,415.6,54.0,2.0
2024-03-24 14:05:00,78.0,20.3,18.7,418.4,53.8,1.8
2024-03-24 14:10:00,78.0,20.4,18.8,416.6,55.6,1.4
2024-03-24 14:15:00,78.0,20.4,18.9,420.4,61.4,2.0
2024-03-24 14:20:00,77.8,20.4,19.2,430.8,88.2,7.0
2024-03-24 14:25:00,77.0,20.3,19.4,440.2,147.2,13.0
2024-03-24 14:30:00,70.8,20.2,19.4,436.6,331.8,33.6
2024-03-24 14:35:00,65.4,20.2,19.3,433.6,471.6,46.2
2024-03-24 14:40:00,59.8,20.2,19.5,428.8,580.2,53.8
2024-03-24 14:45:00,61.4,20.1,19.4,422.8,604.8,52.4
2024-03-24 14:50:00,54.2,20.1,19.3,417.8,719.0,69.6
2024-03-24 14:55:00,56.4,20.1,19.5,418.8,695.0,60.0
2024-03-24 15:00:00,59.4,20.1,19.6,418.2,673.0,55.2
2024-03-24 15:05:00,67.4,20.1,19.7,418.2,586.2,40.6
2024-03-24 15:10:00,71.0,20.1,19.7,416.4,463.0,27.8
2024-03-24 15:15:00,74.2,20.1,19.6,418.8,333.8,16.8
2024-03-24 15:20:00,59.6,20.4,19.4,426.0,514.0,69.6
2024-03-24 15:25:00,68.4,20.4,19.3,432.8,533.2,34.8
2024-03-24 15:30:00,60.6,20.4,19.3,429.4,620.6,78.0
2024-03-24 15:35:00,70.4,20.5,19.1,427.0,554.8,22.2
2024-03-24 15:40:00,75.0,20.6,18.9,427.2,368.2,8.6
2024-03-24 15:45:00,76.8,20.5,19.1,422.5,270.2,3.2
2024-03-24 15:50:00,78.0,20.6,19.1,432.0,165.6,2.0
2024-03-24 15:55:00,78.0,20.7,19.1,437.8,131.6,1.6
2024-03-24 16:00:00,78.0,20.7,19.0,434.4,116.6,1.2
2024-03-24 16:05:00,78.0,20.7,18.9,426.2,107.8,1.4
2024-03-24 16:10:00,78.0,20.8,18.7,426.2,96.4,1.2
2024-03-24 16:15:00,78.0,20.7,18.6,422.8,90.2,1.2
2024-03-24 16:20:00,77.8,20.8,18.5,418.6,86.0,1.2
2024-03-24 16:25:00,78.0,20.7,18.5,417.4,82.8,1.0
2024-03-24 16:30:00,78.0,20.8,18.6,412.4,79.6,1.0
2024-03-24 16:35:00,78.0,20.8,18.5,412.8,75.6,1.0
2024-03-24 16:40:00,78.0,20.8,18.5,413.6,74.4,1.0
2024-03-24 16:45:00,78.0,20.7,18.6,412.8,74.0,1.0
2024-03-24 16:50:00,78.0,20.7,18.6,415.0,72.8,1.0
2024-03-24 16:55:00,78.0,20.7,18.5,416.8,71.4,1.2
2024-03-24 17:00:00,77.8,20.7,18.6,417.6,70.8,1.2
2024-03-24 17:05:00,78.0,20.8,18.5,416.4,70.6,1.2
2024-03-24 17:10:00,78.0,20.8,18.6,416.2,70.2,1.0
2024-03-24 17:15:00,78.0,20.7,18.6,418.0,67.6,1.0
2024-03-24 17:20:00,78.0,20.7,18.6,418.4,67.4,1.0
2024-03-24 17:25:00,78.0,20.7,18.7,418.2,69.2,1.2
2024-03-24 17:30:00,78.0,20.7,18.7,416.8,68.0,1.0
2024-03-24 17:35:00,78.0,20.7,18.8,419.0,67.6,1.0
2024-03-24 17:40:00,78.0,20.6,18.8,414.6,67.8,1.0
2024-03-24 17:45:00,78.0,20.6,18.9,414.0,66.8,1.0
2024-03-24 17:50:00,78.0,20.6,18.9,414.0,67.0,1.4
2024-03-24 17:55:00,78.0,20.6,18.9,413.0,65.6,1.2
2024-03-24 18:00:00,78.2,20.5,19.1,414.0,67.6,1.2
2024-03-24 18:05:00,78.4,20.5,19.1,413.4,63.6,1.0
2024-03-24 18:10:00,78.8,20.5,19.1,409.8,64.5,1.0
2024-03-24 18:15:00,79.0,20.5,19.2,410.8,65.6,1.4
2024-03-24 18:20:00,79.0,20.4,19.2,413.2,62.0,1.4
2024-03-24 18:25:00,78.8,20.5,19.2,412.0,63.2,1.0
2024-03-24 18:30:00,79.0,20.4,19.3,412.0,62.0,1.2
2024-03-24 18:35:00,79.0,20.4,19.3,413.6,62.6,1.0
2024-03-24 18:40:00,79.0,20.4,19.3,414.8,62.2,1.0
2024-03-24 18:45:00,79.0,20.4,19.4,412.4,62.8,1.4
2024-03-24 18:50:00,79.0,20.3,19.5,409.4,61.2,1.0
2024-03-24 18:55:00,79.0,20.3,19.4,410.2,60.4,1.0
2024-03-24 19:00:00,79.0,20.3,19.4,412.4,62.4,1.0
2024-03-24 19:05:00,79.0,20.3,19.5,410.8,60.6,1.6
2024-03-24 19:10:00,79.0,20.3,19.6,409.0,62.2,1.2
2024-03-24 19:15:00,80.0,20.2,19.8,411.2,62.2,1.2
2024-03-24 19:20:00,80.0,20.2,20.1,411.0,60.8,1.0
2024-03-24 19:25:00,80.4,20.3,20.4,414.4,63.8,1.0
2024-03-24 19:30:00,81.0,20.2,20.6,415.2,64.6,1.2
2024-03-24 19:35:00,81.0,20.2,20.8,417.6,64.8,1.6
2024-03-24 19:40:00,81.4,20.2,21.0,416.6,65.4,1.2
2024-03-24 19:45:00,82.0,20.2,21.3,419.4,68.2,1.0
2024-03-24 19:50:00,82.0,20.2,21.4,421.2,68.0,1.0
2024-03-24 19:55:00,82.4,20.2,21.7,420.0,68.6,1.0
2024-03-24 20:00:00,83.0,20.2,21.8,420.0,70.8,1.0
2024-03-24 20:05:00,83.0,20.2,22.0,418.4,71.2,1.0
2024-03-24 20:10:00,83.0,20.2,22.1,418.6,70.8,1.0
2024-03-24 20:15:00,83.0,20.3,22.1,418.8,71.0,1.0
2024-03-24 20:20:00,83.0,20.3,22.1,419.2,71.8,1.0
2024-03-24 20:25:00,83.0,20.3,22.1,419.0,71.8,1.0
2024-03-24 20:30:00,83.0,20.3,22.1,419.8,70.4,1.0
2024-03-24 20:35:00,83.0,20.3,22.1,420.6,72.2,1.0
2024-03-24 20:40:00,83.0,20.3,22.0,421.0,69.4,1.0
2024-03-24 20:45:00,83.0,20.3,21.9,421.6,69.2,1.0
2024-03-24 20:50:00,83.0,20.3,21.8,420.6,68.8,1.0
2024-03-24 20:55:00,83.0,20.3,21.8,421.2,67.2,1.0
2024-03-24 21:00:00,83.0,20.3,21.8,420.4,68.4,1.0
2024-03-24 21:05:00,82.4,20.3,21.6,421.2,66.6,1.0
2024-03-24 21:10:00,82.0,20.4,21.5,422.2,65.8,1.0
2024-03-24 21:15:00,82.0,20.3,21.5,422.6,65.8,1.0
2024-03-24 21:20:00,82.0,20.3,21.4,421.6,64.8,1.0
2024-03-24 21:25:00,82.0,20.3,21.4,418.2,65.0,1.0
2024-03-24 21:30:00,82.0,20.3,21.3,422.2,64.8,1.0
2024-03-24 21:35:00,82.0,20.3,21.2,422.4,64.0,1.0
2024-03-24 21:40:00,81.8,20.3,21.1,422.6,63.8,1.0
2024-03-24 21:45:00,81.6,20.4,21.0,423.4,63.2,1.0
2024-03-24 21:50:00,81.0,20.4,20.9,421.2,61.8,1.0
2024-03-24 21:55:00,81.0,20.3,20.8,420.2,61.4,1.0
2024-03-24 22:00:00,81.0,20.4,20.8,418.0,61.6,1.0
2024-03-24 22:05:00,81.0,20.3,20.8,420.2,61.2,1.0
2024-03-24 22:10:00,81.0,20.4,20.8,420.4,61.2,1.0
2024-03-24 22:15:00,81.0,20.4,20.8,422.6,58.2,1.0
2024-03-24 22:20:00,81.0,20.4,20.8,422.4,60.6,1.0
2024-03-24 22:25:00,81.0,20.4,20.9,423.2,59.0,1.0
2024-03-24 22:30:00,81.0,20.3,20.9,422.6,58.6,1.0
2024-03-24 22:35:00,81.2,20.4,20.9,420.4,58.2,1.0
2024-03-24 22:40:00,82.0,20.3,21.1,422.8,58.4,1.0
2024-03-24 22:45:00,82.0,20.3,21.2,419.4,58.8,1.0
2024-03-24 22:50:00,82.0,20.4,21.3,417.2,59.8,1.0
2024-03-24 22:55:00,82.0,20.4,21.4,419.2,61.0,1.0
2024-03-24 23:00:00,82.0,20.4,21.5,419.4,61.4,1.2
2024-03-24 23:05:00,82.0,20.4,21.5,419.4,62.6,1.0
2024-03-24 23:10:00,82.0,20.4,21.5,419.0,63.0,1.0
2024-03-24 23:15:00,82.0,20.4,21.6,420.4,63.8,1.0
2024-03-24 23:20:00,82.2,20.4,21.6,422.8,63.6,1.0
2024-03-24 23:25:00,82.0,20.4,21.5,422.8,64.0,1.0
2024-03-24 23:30:00,82.0,20.4,21.5,422.6,66.4,1.0
2024-03-24 23:35:00,82.0,20.4,21.4,421.8,65.8,1.0
2024-03-24 23:40:00,82.0,20.4,21.4,421.8,64.8,1.2
2024-03-24 23:45:00,82.0,20.4,21.4,421.4,66.8,1.0
2024-03-24 23:50:00,81.8,20.4,21.2,420.4,65.6,1.0
2024-03-24 23:55:00,81.0,20.4,20.8,421.2,64.4,1.0
2024-03-25 00:00:00,81.0,20.4,20.6,421.8,62.8,1.0
2024-03-25 00:05:00,81.0,20.4,20.5,421.2,63.6,1.0
2024-03-25 00:10:00,81.0,20.4,20.4,419.8,61.8,1.0
2024-03-25 00:15:00,80.8,20.4,20.4,420.0,62.0,1.2
2024-03-25 00:20:00,80.4,20.4,20.3,422.2,62.4,1.0
2024-03-25 00:25:00,81.0,20.4,20.4,417.8,64.6,1.2
2024-03-25 00:30:00,81.0,20.4,20.5,418.2,64.4,1.2
2024-03-25 00:35:00,81.0,20.4,20.5,418.8,64.8,1.2
2024-03-25 00:40:00,80.8,20.5,20.4,418.8,63.2,1.6
2024-03-25 00:45:00,80.8,20.4,20.4,419.8,65.4,1.2
2024-03-25 00:50:00,80.4,20.4,20.3,419.2,65.6,1.6
2024-03-25 00:55:00,80.0,20.4,20.3,419.4,64.6,1.4
2024-03-25 01:00:00,80.0,20.5,20.2,419.2,62.8,1.2
2024-03-25 01:05:00,80.0,20.5,20.1,419.2,65.4,1.2
2024-03-25 01:10:00,80.0,20.5,19.9,419.6,63.2,1.4
2024-03-25 01:15:00,80.0,20.4,19.9,419.0,63.8,1.4
2024-03-25 01:20:00,80.0,20.4,19.9,419.6,63.6,1.4
2024-03-25 01:25:00,80.0,20.5,19.9,417.8,63.6,1.2
2024-03-25 01:30:00,80.0,20.5,19.9,418.6,62.0,1.2
2024-03-25 01:35:00,80.0,20.5,19.9,418.6,63.2,1.6
2024-03-25 01:40:00,80.0,20.4,19.9,415.8,64.2,1.6
2024-03-25 01:45:00,79.6,20.4,19.7,417.4,63.2,1.8
2024-03-25 01:50:00,79.0,20.4,19.5,418.8,62.8,2.0
2024-03-25 01:55:00,79.0,20.3,19.5,417.4,61.8,1.6
2024-03-25 02:00:00,79.0,20.4,19.2,414.0,62.8,1.2
2024-03-25 02:05:00,78.2,20.4,19.1,412.0,59.2,1.6
2024-03-25 02:10:00,78.0,20.4,19.0,411.8,59.2,2.0
2024-03-25 02:15:00,78.0,20.4,19.0,415.2,59.4,1.8
2024-03-25 02:20:00,78.6,20.4,19.1,415.2,60.0,1.8
2024-03-25 02:25:00,79.0,20.4,19.2,413.2,60.0,1.8
2024-03-25 02:30:00,79.0,20.4,19.2,415.6,61.2,1.4
2024-03-25 02:35:00,79.0,20.4,19.2,412.6,58.6,1.2
2024-03-25 02:40:00,78.0,20.3,19.0,415.4,60.8,2.0
2024-03-25 02:45:00,78.0,20.3,18.8,418.0,59.0,2.0
2024-03-25 02:50:00,78.0,20.3,18.6,416.0,56.8,1.8
2024-03-25 02:55:00,77.8,20.2,18.5,413.0,56.2,2.0
2024-03-25 03:00:00,77.4,20.2,18.5,415.2,57.2,1.8
2024-03-25 03:05:00,77.0,20.2,18.4,415.0,55.4,2.0
2024-03-25 03:10:00,77.0,20.2,18.4,414.6,55.0,2.2
2024-03-25 03:15:00,77.0,20.2,18.4,414.6,54.8,2.0
2024-03-25 03:20:00,77.4,20.2,18.5,414.0,55.4,1.6
2024-03-25 03:25:00,77.2,20.3,18.4,413.4,55.8,1.8
2024-03-25 03:30:00,77.0,20.3,18.3,418.8,54.8,1.8
2024-03-25 03:35:00,77.0,20.3,18.4,418.2,56.2,1.8
2024-03-25 03:40:00,77.0,20.3,18.3,416.8,54.8,1.8
2024-03-25 03:45:00,77.0,20.3,18.2,414.8,54.4,1.8
2024-03-25 03:50:00,77.0,20.2,18.2,417.0,55.2,1.8
2024-03-25 03:55:00,77.0,20.2,18.1,418.0,54.8,1.8
2024-03-25 04:00:00,77.0,20.2,18.0,418.0,54.0,2.0
2024-03-25 04:05:00,77.0,20.1,18.0,418.4,54.6,1.8
2024-03-25 04:10:00,76.4,20.1,17.9,416.8,52.6,1.8
2024-03-25 04:15:00,76.0,20.1,17.8,416.8,53.8,2.0
2024-03-25 04:20:00,76.2,20.1,17.8,415.6,52.0,1.6
2024-03-25 04:25:00,76.0,20.1,17.8,415.2,52.4,2.0
2024-03-25 04:30:00,76.0,20.1,17.8,417.0,52.8,1.8
2024-03-25 04:35:00,76.0,20.1,17.8,417.4,51.0,1.6
2024-03-25 04:40:00,76.0,20.1,17.8,416.0,52.4,1.8
2024-03-25 04:45:00,76.0,20.0,17.8,415.4,52.2,1.8
2024-03-25 04:50:00,76.0,20.1,17.8,413.6,51.0,2.0
2024-03-25 04:55:00,76.0,20.0,17.8,412.4,49.8,2.0
2024-03-25 05:00:00,76.0,20.1,17.7,415.0,50.0,1.8
2024-03-25 05:05:00,76.0,20.1,17.7,414.6,50.6,2.0
2024-03-25 05:10:00,76.0,20.1,17.7,415.0,50.8,1.8
2024-03-25 05:15:00,76.0,20.0,17.7,414.8,51.2,2.0
2024-03-25 05:20:00,76.0,20.1,17.6,415.0,50.6,1.8
2024-03-25 05:25:00,76.0,20.0,17.6,415.4,48.8,2.0
2024-03-25 05:30:00,76.0,20.1,17.6,414.6,49.8,2.2
2024-03-25 05:35:00,76.0,20.1,17.5,412.8,50.8,1.6
2024-03-25 05:40:00,76.0,20.0,17.5,413.8,49.4,1.8
2024-03-25 05:45:00,76.0,20.0,17.5,415.0,50.2,2.0
2024-03-25 05:50:00,76.0,20.0,17.6,414.6,50.0,2.0
2024-03-25 05:55:00,76.0,20.1,17.6,413.2,50.2,1.8
2024-03-25 06:00:00,76.0,20.0,17.6,413.4,50.2,2.0
2024-03-25 06:05:00,76.0,20.0,17.5,412.6,50.2,2.0
2024-03-25 06:10:00,76.0,20.0,17.5,414.2,50.2,1.8
2024-03-25 06:15:00,75.8,20.0,17.4,412.0,49.4,1.8
2024-03-25 06:20:00,75.8,20.0,17.4,413.0,49.4,2.0
2024-03-25 06:25:00,75.6,19.9,17.4,412.2,49.8,2.0
2024-03-25 06:30:00,76.0,20.0,17.4,411.0,49.2,2.0
2024-03-25 06:35:00,76.0,19.9,17.5,411.6,50.0,2.0
2024-03-25 06:40:00,76.0,20.0,17.4,412.6,49.6,2.0
2024-03-25 06:45:00,75.4,19.9,17.4,413.4,50.4,2.0
2024-03-25 06:50:00,75.4,20.0,17.4,413.6,49.6,2.0
2024-03-25 06:55:00,75.4,19.9,17.4,410.4,48.2,2.2
2024-03-25 07:00:00,76.0,20.0,17.4,408.0,48.6,2.0
2024-03-25 07:05:00,76.0,20.0,17.4,409.8,50.2,2.0
2024-03-25 07:10:00,76.0,20.0,17.5,410.8,48.6,2.0
2024-03-25 07:15:00,76.0,20.0,17.6,413.6,50.6,2.0
2024-03-25 07:20:00,76.0,20.1,17.6,415.2,50.5,1.8
2024-03-25 07:25:00,76.0,20.1,17.6,415.6,50.0,1.8
2024-03-25 07:30:00,76.0,20.1,17.6,412.4,48.6,2.0
2024-03-25 07:35:00,76.0,20.2,17.6,413.6,50.0,1.8
2024-03-25 07:40:00,76.0,20.2,17.7,415.0,51.0,2.0
2024-03-25 07:45:00,76.0,20.2,17.7,414.2,50.4,1.8
2024-03-25 07:50:00,76.0,20.2,17.6,415.0,50.8,2.0
2024-03-25 07:55:00,76.0,20.1,17.7,414.0,50.4,2.0
2024-03-25 08:00:00,76.0,20.1,17.8,415.4,48.8,2.0
2024-03-25 08:05:00,76.4,20.1,17.9,414.4,49.0,2.0
2024-03-25 08:10:00,77.0,19.9,18.1,413.0,49.0,2.0